Returns,Excess Return on the Market,Small-Minus-Big Return,High-Minus-Low Return,Returns,Excess Return on the Market,Small-Minus-Big Return,High-Minus-Low Return,Returns,Excess Return on the Market,Small-Minus-Big Return,High-Minus-Low Return,Returns,Excess Return on the Market,Small-Minus-Big Return,High-Minus-Low Return,Returns,Excess Return on the Market,Small-Minus-Big Return,High-Minus-Low Return,Returns,Excess Return on the Market,Small-Minus-Big Return,High-Minus-Low Return,Returns,Excess Return on the Market,Small-Minus-Big Return,High-Minus-Low Return,Returns,Excess Return on the Market,Small-Minus-Big Return,High-Minus-Low Return,Returns,Excess Return on the Market,Small-Minus-Big Return,High-Minus-Low Return,Returns,Excess Return on the Market,Small-Minus-Big Return,High-Minus-Low Return,Returns,Excess Return on the Market,Small-Minus-Big Return,High-Minus-Low Return,Returns,Excess Return on the Market,Small-Minus-Big Return,High-Minus-Low Return,Returns,Excess Return on the Market,Small-Minus-Big Return,High-Minus-Low Return,Returns,Excess Return on the Market,Small-Minus-Big Return,High-Minus-Low Return,Returns,Excess Return on the Market,Small-Minus-Big Return,High-Minus-Low Return
0.01932365447,-0.0289,-0.0066,-0.0108,0.02519738488,0.0126,-0.004,0.0049,0.0134672476,-0.0008,0.006,-0.0045,-0.03361351043,-0.0064,0.0001,0.0041,0.08022921532,0.0268,0.036,0.0045,0,-0.0074,-0.0028,-0.0044,0.01847904921,-0.0007,-0.0035,0.001,-0.01380370464,0.0004,0.0005,-0.002,-0.008748939261,0.0036,-0.0044,0.003,0.000680750818,0.002,-0.0019,0.0049,-0.03529414162,-0.0188,-0.0012,0.0082,0.000293119956,-0.0188,-0.0012,0.0082,0.000293119956,-0.0188,-0.0012,0.0082,0.03289473802,0.025,0.0069,-0.0139,0.0002528985206,0.0019,0.0049,0.002
-0.0165876057,-0.0003,-0.0089,-0.0096,-0.02694698982,-0.0089,-0.0035,0.0078,0.01846846007,0.0083,0.0053,0.0026,0.009782625362,0.0029,0.0001,0.0018,0.005305034574,0.0192,-0.0018,-0.0044,0.03206644952,0.007,0.0056,-0.0021,0.002791344188,-0.0018,0.001,-0.0002,0.01010887418,0.0039,-0.0006,0.0024,-0.00794352591,-0.0038,-0.0085,0.0016,-0.02789114602,-0.0051,0.0001,0.0014,-0.04268291593,-0.0043,0.0038,-0.0137,-0.007913260721,-0.0043,0.0038,-0.0137,-0.007913260721,-0.0043,0.0038,-0.0137,-0.03821656108,0.0291,0.0156,-0.0221,0.003286078107,-0.0055,-0.0022,0.0011
-0.01927709021,-0.0193,-0.0001,-0.0013,-0.046561189,-0.0011,-0.0062,0.0013,-0.001547980821,-0.0028,0.0011,-0.0015,0.04628636315,0.004,-0.0014,-0.0031,0.01846963912,0.0194,0.0019,0.0058,0.02991947532,-0.0009,0.0035,-0.0003,-0.0006959101302,0.0005,0.0026,0.0003,-0.001539607765,0.0078,0.009,-0.0034,-0.002669015434,-0.0008,0.0069,0.0018,-0.03586422652,0.002,0.0003,0.0027,-0.02834393084,0.0208,0.0006,-0.0107,-0.02186108939,0.0208,0.0006,-0.0107,-0.02186108939,0.0208,0.0006,-0.0107,0.01986755058,-0.0037,0.0142,-0.0079,-0.01234562602,-0.0028,-0.0107,0.0064
-0.004914000165,-0.002,-0.0059,-0.0111,0.005745301954,-0.0082,0.0039,-0.0067,0.02857136354,0.0118,0.0018,0.005,0.004115222488,0.0022,-0.0011,0.0006,0.002590671182,-0.0098,-0.0124,-0.0147,0.002234688029,0.0065,0.0018,0.0033,-0.03899717703,-0.0107,-0.0041,0.0023,-0.008481157012,-0.0038,0.0043,-0.004,0.001784077031,0.0099,0.0007,0.0024,-0.01814552769,0.0082,-0.0003,-0.0098,0.07833501697,0.0109,-0.0097,0.0045,0.06523708254,0.0109,-0.0097,0.0045,0.06523708254,0.0109,-0.0097,0.0045,-0.019480519,-0.0087,0.0068,0.0021,0.008163257502,0.007,-0.0039,-0.001
-0.01728399284,0.0035,-0.006,0.0125,0.01935889199,0.0099,0.0029,-0.0025,0.003660680261,0.0066,0.0036,-0.0006,0.02049178258,0.0057,-0.0001,-0.0022,0.03359176219,0.0344,0.0045,0.0064,0.008361182176,-0.001,0.0015,-0.0059,0.004347787239,-0.0072,-0.0005,0.0018,0.006998457015,0.0018,-0.0006,-0.0129,-0.004452291876,-0.0119,-0.0014,-0.0017,0.01145812124,-0.0046,-0.008,-0.0003,0.03465043753,0.024,-0.0054,-0.015,0.0343067497,0.024,-0.0054,-0.015,0.0343067497,0.024,-0.0054,-0.015,0.004415011033,0.0116,0.003,-0.0075,-0.01467615925,0.0017,0.0009,-0.0022
0.04773870856,-0.0035,0.0093,-0.0054,0.01618930511,-0.0095,-0.008,0.0062,-0.004505451303,0.0004,0.0071,0.0031,0.02208838053,-0.0088,-0.0045,0.0005,0.07000005245,0.0015,0.0066,-0.0011,0.0005528042675,0.0012,0.0069,-0.0009,-0.006493448745,-0.0007,-0.0012,0.0056,0.005405455362,0.0069,0.0005,0.0091,0.008050102741,0.0107,-0.0008,0.0015,-0.01589619927,0.0023,0.0084,-0.0024,-0.00558174029,-0.0258,-0.0012,0.0209,-0.04550438374,-0.0258,-0.0012,0.0209,-0.04550438374,-0.0258,-0.0012,0.0209,0.01318681333,-0.006,0.0065,0.0025,0.01284026727,0.005,0.0003,0.0001
0.02637892775,0.0243,-0.0064,0.018,-0.0009190802812,0.001,0.0013,0.0089,-0.05215521529,0.0005,-0.0013,-0.0098,-0.0009823407745,-0.0009,-0.0066,0.0012,0.0560747087,0.0107,0.0045,0.0094,-0.005524883047,0.0054,0.0014,0.0001,0.02033403888,0.0105,0.0109,-0.0052,-0.02534568869,-0.0167,-0.007,0.0026,0.01774621196,0.0015,0.0028,0.0014,0.002413684968,0.0005,-0.0079,0.0008,-0.0118167717,-0.0053,-0.0018,0.0148,-0.008615716361,-0.0053,-0.0018,0.0148,-0.008615716361,-0.0053,-0.0018,0.0148,0.04555314407,0.0004,0.0167,-0.0033,-0.02028395794,-0.0018,-0.0096,0.0002
-0.02336457372,0.0059,0.0029,0.0063,-0.01410607435,-0.0033,-0.0035,-0.0026,-0.03092316166,-0.003,-0.0069,-0.006,-0.0009833066724,0.0056,0.0023,-0.0004,0.01106198877,-0.0021,0.0029,-0.0127,-0.01888889819,0.0015,-0.0072,0.0084,-0.006405704655,-0.0007,0.0032,0.0005,0.03703705966,0.0106,0.0006,0.0009,0.01220570039,-0.0015,-0.0005,0.0002,0,0.0006,-0.0001,0.005,-0.0119581921,0.0119,0.0158,-0.0042,0.0173811838,0.0119,0.0158,-0.0042,0.0173811838,0.0119,0.0158,-0.0042,-0.03734439984,-0.0119,-0.0096,0.0139,-0.01785710827,-0.0097,-0.0056,0.0009
0.04306227714,0.0298,0.0055,0.0135,-0.004354687408,0.0075,0.0091,-0.0026,-0.01267004013,0.0021,0.0026,-0.0012,-0.01427160483,-0.0122,-0.0031,-0.0012,0.004376363475,0.0172,0.0014,-0.0032,-0.02378256433,-0.007,0.0009,0.0014,-0.002148977946,-0.0063,0.0021,0.0025,0.03495441005,0.0011,-0.0052,-0.005,0.002584038535,0.0058,0.0001,-0.0018,0.002778249793,0.0031,-0.0043,-0.0071,-0.004538508598,-0.016,-0.0172,0.0154,-0.02961267531,-0.016,-0.0172,0.0154,-0.02961267531,-0.016,-0.0172,0.0154,-0.02801724151,0.0145,-0.0031,-0.0075,-0.006587615237,-0.0062,-0.003,-0.0005
-0.01376145426,0.0094,0.0048,-0.0016,-0.008747228421,-0.0018,0.0026,-0.0033,0.0425379537,0.0003,-0.0047,-0.0022,-0.04593110457,-0.011,-0.0054,-0.0014,-0.03050116263,-0.0206,-0.0125,-0.0052,0,0.0167,0.011,-0.0013,-0.008614492603,0.0032,0.001,0.0033,-0.0110131884,0.0029,0.0046,-0.004,0.0008590442594,-0.0008,-0.0002,0.0038,0.007018859964,0.0006,0.0022,0.0019,-0.04559276253,-0.0369,0.0005,0.0205,-0.009976529516,-0.0369,0.0005,0.0205,-0.009976529516,-0.0369,0.0005,0.0205,-0.004434589762,-0.0016,-0.0023,0.0027,-0.001061032177,0.0081,0.001,-0.0093
0.009302316234,-0.0005,-0.0023,-0.0011,0.01323674712,0.0143,0.0071,-0.0034,0.001139713684,-0.0019,-0.0055,0.0021,0.0005232982221,-0.0159,-0.0014,-0.0036,0.04044950753,0.0211,0.006,0.0165,0.01624133997,0.0001,-0.0027,0.0029,-0.002172388602,0.0092,0.0057,-0.0016,0.005196710583,0.0031,0.0048,-0.0052,-0.008583642542,0.0016,0.0022,0.0073,-0.01192225795,-0.002,-0.0136,-0.004,0.03375794366,-0.0039,-0.0022,0.0063,0.03586244956,-0.0039,-0.0022,0.0063,0.03586244956,-0.0039,-0.0022,0.0063,-0.0155902002,0.005,0.0005,-0.0089,-0.02655337192,-0.0162,0.0008,0.0012
0.04377881438,0.0119,0.0032,0.0034,0.0006219795323,0.0072,-0.0021,0.0056,-0.0002276485029,0.0002,-0.0006,-0.0036,0.02196653001,0.0029,0.0032,0.0017,-0.06695462763,-0.0138,-0.0075,0.0032,0.02739723399,0.0016,-0.0033,0.0077,-0.01378806867,-0.0073,0.0008,0.0007,0.002215637593,0.0002,-0.0001,-0.0018,0.005194758996,0.0014,0.0009,0.0002,0.002598837717,0.0012,0.0005,-0.0057,-0.02033271268,0.0468,0.0027,-0.0325,0.002861186629,0.0468,0.0027,-0.0325,0.002861186629,0.0468,0.0027,-0.0325,-0.004524887074,-0.0074,0.012,0.0009,-0.003818859579,0.0085,-0.0003,-0.0024
-0.04856517911,0.0031,-0.0053,-0.0085,-0.02051594667,-0.0004,-0.0008,-0.0053,0.0136642782,0.0046,0.0008,0.0002,-0.001023564837,0.0075,0.0083,0.0011,0.009259250015,0.0043,-0.0033,0.0074,0.003333303612,0.0004,-0.0011,0.0052,0.01324505545,0.0026,-0.001,-0.0022,0.01400151383,-0.0024,-0.0019,-0.0023,-0.0120585179,0.0011,0.003,0.0012,-0.01018328592,-0.0041,-0.0003,0.0023,0.004717029165,-0.0207,0.0042,0.0019,-0.03081306815,-0.0207,0.0042,0.0019,-0.03081306815,-0.0207,0.0042,0.0019,0.03409091011,0.0166,0.0026,-0.014,-0.01423878595,-0.0022,0.0017,-0.0044
-0.01392110065,0.0008,0.0058,0.0039,0.004443014506,0.0049,0.0034,-0.0017,0.009660758078,-0.0004,-0.0025,0.0026,-0.002561534056,-0.0135,-0.0023,0.0008,-0.009174303152,0.0192,0.0013,0.0009,-0.01771869883,-0.0009,-0.001,0.0009,0.01234561484,0.0121,0.0079,-0.0058,0,0.0008,-0.0061,-0.0008,0.01133392472,-0.0011,0.0003,-0.001,0.0005612157402,0.0001,0.0007,-0.0042,0.02159620076,0.0087,0.0026,-0.0022,-0.0008832085296,0.0087,0.0026,-0.0022,-0.0008832085296,0.0087,0.0026,-0.0022,0.01318681333,-0.0025,0.0086,-0.0029,0.004166709259,-0.004,-0.01,0.0011
0.009411755949,0.0237,0.0061,0.0102,0.008214857429,-0.0001,0.0052,-0.0037,0.04761911929,-0.0005,0.005,-0.008,0.0657422021,0.0187,0.0037,-0.0059,0.05324074253,0.0159,0.0175,-0.0036,-0.01578357816,-0.0062,-0.0053,-0.0019,0.003586814273,0.0069,0.0079,-0.0017,0,0.0007,0.0035,-0.0012,0.008620640263,0.0074,0.0022,0.0016,-0.004486851394,0.0009,-0.003,0.0009,0.05912991241,0.0287,-0.003,-0.015,0.06216855347,0.0287,-0.003,-0.015,0.06216855347,0.0287,-0.003,-0.015,-0.0347071588,0.0036,0.0074,-0.0046,-0.03457814455,-0.0139,-0.0016,0.003
0.08624705672,0.0038,0.0033,0.0009,0.001253554248,0.002,0.0064,-0.002,0.0046728421,0.0021,0.0019,0.0002,-0.03710845485,-0.0083,-0.0087,0.0045,-0.04175825417,-0.0213,-0.0088,-0.0033,0.002291003242,0.0013,0.003,-0.0017,-0.02072908916,0.002,-0.0028,-0.0002,0.007994160987,-0.0001,-0.0063,-0.002,-0.02307688072,-0.0136,-0.0055,-0.0061,0.009389671497,-0.0022,-0.0011,0.0002,-0.008605745621,-0.001,-0.0015,-0.0057,-0.02080443874,-0.001,-0.0015,-0.0057,-0.02080443874,-0.001,-0.0015,-0.0057,-0.006741573103,-0.0188,-0.0002,0.0055,0.01088817324,0.0015,0.0102,-0.0039
-0.008583683521,0.003,0.0011,0.01,-0.008763714693,0.0035,0.0033,-0.0058,-0.0160676185,-0.0026,-0.0039,-0.0016,-0.005505440757,0.0093,0.0007,0.0003,0.01376145426,0.0112,0.0065,0.008,0.006857190747,-0.0121,-0.0011,0.0021,0.02043793723,0.0002,-0.004,0.0005,0.01514059398,0.009,0.0134,-0.0023,0.001749737887,-0.0066,-0.0028,-0.0003,0.01637211256,-0.0052,-0.0004,0.0023,-0.002944595879,0.0157,0.0028,-0.0128,-0.002832818078,0.0157,0.0028,-0.0128,-0.002832818078,0.0157,0.0028,-0.0128,-0.01357466076,-0.0099,-0.0007,0.0068,0.04733565822,0.0108,-0.0039,-0.0044
0.04761910811,-0.002,0.0026,-0.0029,-0.02715505473,-0.0038,-0.0016,-0.0008,-0.01310698502,-0.0018,-0.003,-0.0059,-0.02969301119,-0.0088,-0.0049,0,0.05429859087,0.0354,0.0139,0.0092,-0.0148695251,-0.0016,0.007,-0.0008,0.0314735733,0.0014,-0.0066,-0.0044,0.00213066279,0.0038,-0.0007,0.002,0.01310048718,0.0094,0.0021,-0.0004,0.01171516348,0.0101,0.0085,-0.0055,-0.012108678,-0.0047,-0.0044,0.0075,-0.01704551838,-0.0047,-0.0044,0.0075,-0.01704551838,-0.0047,-0.0044,0.0075,-0.009174311534,0.0092,0.013,-0.0122,-0.02273342758,-0.0026,-0.0078,0.0036
0.08057848364,-0.0046,-0.0012,-0.0082,0.0146056721,0.006,0.0067,0.003,0.0185467694,0.0053,0.0025,0.0021,0.02334018797,0.003,-0.0053,-0.0016,-0.0236050766,-0.0001,-0.0056,-0.0057,0.02315937541,0.009,-0.0037,0.0002,-0.01386961248,0.0012,-0.0004,0,0.009213332087,0.0194,0.0046,0.0106,-0.02413798869,-0.0182,-0.0019,-0.0073,-0.01013210323,-0.0014,0.0075,0.0029,0.005979096051,0.011,0.0016,-0.0031,0.01156073809,0.011,0.0016,-0.0031,0.01156073809,0.011,0.0016,-0.0031,0.01620370336,-0.0055,-0.0061,0.0055,-0.02326225862,-0.0156,-0.0013,0.0012
0.003824088024,0.0124,0.0028,0.0144,0.03518875316,0.0012,0.0016,0.001,0.0055698012,-0.0003,0.0015,-0.0009,0.008616324514,-0.012,-0.0098,0.0039,-0.01538465265,-0.025,0.0009,-0.0087,-0.004504499957,0.0082,0.0074,-0.0039,0.02531643026,-0.0055,-0.0016,0.001,-0.003511249321,0.0041,-0.0011,0.0065,0.007067131344,0.0058,-0.0016,0.0004,-0.001096647,0.0021,0.0056,0.0002,0.08172362298,0.0392,-0.0139,-0.0274,0.0817143023,0.0392,-0.0139,-0.0274,0.0817143023,0.0392,-0.0139,-0.0274,-0.01138952188,0.0077,0.0166,-0.0112,-0.01304221898,0.017,0.0003,-0.0005
0.01904760115,0.0005,-0.0022,0.0123,0.004635281395,0.0037,0.0045,-0.0009,-0.04303367063,-0.0197,-0.0086,-0.006,0.007537669502,0.0104,-0.0041,-0.0004,-0.04017853364,-0.0286,-0.0052,-0.012,-0.01696838997,-0.0059,-0.0018,0.0062,-0.01028804015,0.0075,0.0089,-0.0017,0.0049330974,-0.0012,0.0045,-0.0049,0.0368421115,0.0129,-0.0039,0.0015,0.0142726209,0.0067,0.0042,-0.0033,0.03434065729,0.0148,0.0036,-0.0133,0.03539355844,0.0148,0.0036,-0.0133,0.03539355844,0.0148,0.0036,-0.0133,-0.02534562163,-0.0067,-0.0009,0.01,-0.03160018101,-0.0217,-0.0042,-0.0042
-0.007476628292,0.0163,0.0005,0.0165,0.02737629227,-0.0027,-0.004,-0.0023,-0.006010611076,0.004,0.0006,-0.004,0.003990021069,0.0052,0.0046,0.0006,-0.002325634472,0.0172,0.0075,0.0096,0.003452323144,0.0052,-0.005,0.01,0.01178101636,0.0054,0.0079,-0.0037,-0.02314164862,-0.0078,-0.004,-0.0047,-0.01015227474,-0.0005,0.0011,-0.0014,-0.006133865099,-0.0005,0.001,-0.0008,-0.01646753587,-0.0087,0.0013,0.0017,-0.004847000819,-0.0087,0.0013,0.0017,-0.004847000819,-0.0087,0.0013,0.0017,0,0.0074,0.0163,-0.0135,-0.02373180911,-0.013,-0.0016,0.005
0.06403016299,0.0032,0.004,0.008,-0.007784494665,-0.0105,-0.0035,-0.0018,0.01276595052,0.007,-0.0037,0.0041,0.03576757386,-0.0004,0.0003,-0.0037,0.03729600087,0.0197,0.0061,-0.0014,-0.02408257313,-0.0037,-0.0028,0.0086,-0.01369868219,-0.0074,-0.0064,0.0018,-0.01722905412,0.0053,0.0056,0.006,0.01025640033,0.0022,0.0015,-0.0032,0.0009075918933,0.0021,0.0002,-0.0043,-0.003510592971,-0.0172,0.0027,0.0123,-0.002050705487,-0.0172,0.0027,0.0123,-0.002050705487,-0.0172,0.0027,0.0123,-0.01182033122,0.0091,-0.0075,0.0075,-0.06107566878,-0.0159,0.0134,0.0049
0.04424778745,-0.003,-0.0113,0.0173,-0.04043452442,-0.0084,-0.0035,0.0012,0.02189292014,0.0056,0.0029,-0.003,0.005275717005,0.0128,0.0024,0.004,-0.0134831341,-0.0053,0.0002,-0.0065,0.002350118011,-0.0064,-0.0088,0.0091,0,0.0057,0.0092,0.0047,0,-0.0035,-0.0007,-0.0016,0.01861254498,0.0047,-0.0034,0.0012,-0.009793270379,-0.0006,-0.0036,0.0001,-0.0108401496,-0.0115,0.0114,0.0081,-0.03262266889,-0.0115,0.0114,0.0081,-0.03262266889,-0.0115,0.0114,0.0081,0.08851674944,-0.016,-0.0008,0.0167,0.06116509065,0.0028,0.0087,-0.0012
-0.02542374469,-0.0062,-0.0101,0.0007,-0.04528297856,-0.0019,0.0027,-0.0071,0.009738168679,0.0018,-0.001,0.0064,-0.003339680145,-0.0019,0.003,-0.0031,-0.02277902141,0.0048,-0.007,0.004,0.0011723598,0.003,-0.0035,0.0014,-0.009722179733,-0.0047,-0.0051,0.0016,-0.009495921433,-0.0129,-0.0048,-0.0005,0.006644492969,0.0101,0.0019,-0.0017,0.02875457332,0.0106,0.0039,0.0086,-0.01369863003,0.0168,0.0074,-0.0079,-0.01646306179,0.0168,0.0074,-0.0079,-0.01646306179,0.0168,0.0074,-0.0079,0.0307692308,0.0087,0.0008,-0.0021,-0.01250380743,-0.0053,0.0183,-0.0132
0.03304348886,0.0144,0.0097,0.012,0.004281922244,-0.0011,0.0023,-0.0003,0.002357492689,0.0024,-0.0012,-0.0046,-0.009095195681,-0.0003,0.0034,0.0011,0.009324000217,0.0121,-0.0001,0.0055,-0.01053865999,-0.0089,-0.0117,0.0025,0,0.0021,0.0027,0.0021,-0.00368732959,-0.0009,0.0019,0.0032,-0.004954539239,0.0018,0.0005,0.0047,0.048246447,0.0002,0.0005,0.0145,0.006944444496,0.0045,0.0017,0.004,0.01295895036,0.0045,0.0017,0.004,0.01295895036,0.0045,0.0017,0.004,-0.006396588404,0.0146,-0.0089,-0.0058,0.02903022245,0.0022,0.0105,0.0024
-0.03198654205,-0.0032,0.0049,0.0032,-0.04427682608,0.0024,-0.0035,-0.0043,0.02672653459,0.0042,-0.0027,-0.0074,0.01256030519,0.0061,0.0032,0.0005,-0.04849885404,-0.0378,-0.0078,-0.0069,-0.01538462937,-0.0019,-0.0009,-0.0034,-0.00350632472,0.0043,-0.0038,-0.0005,-0.01554404385,-0.0158,-0.0034,-0.0011,0.00331949885,0.0027,0.0018,0.0044,0.03040076606,0.0082,-0.0056,-0.0051,-0.000551736739,0.0147,-0.0016,-0.0019,0.005863572005,0.0147,-0.0016,-0.0019,0.005863572005,0.0147,-0.0016,-0.0019,0.0300429184,-0.0013,0.002,0.0043,0.03211283684,0.0114,-0.0158,-0.001
-0.05739128962,-0.0125,-0.0005,-0.012,0.006863444112,-0.003,-0.0011,0.0093,0.0149937775,0.0006,-0.0003,0.001,-0.01240450051,-0.0103,-0.0016,0.0003,-0.002427124418,0.0083,0.0005,0.0055,0.01201927662,0.0041,-0.0044,0.0055,0.003518662183,0.0067,0.0054,-0.0025,0.0007518968778,0.0007,0.0036,-0.0029,0.01406121347,0.0052,0.0038,-0.0017,-0.01236195862,-0.0022,-0.0037,0.0036,-0.01959699392,0.0003,0.0067,-0.0042,0.009803893045,0.0003,0.0067,-0.0042,0.009803893045,0.0003,0.0067,-0.0042,-0.01875000075,0.0012,-0.0031,0.0023,0.04797910899,0.0094,0.0021,-0.0032
0.02952026576,0.0121,0.0045,0.0049,0.01261073351,0.0071,0.0062,0.0001,-0.01600333489,-0.0019,-0.0049,-0.0035,-0.002415514085,0.0039,-0.0041,-0.0009,0.002433029702,0.0198,0.0046,-0.0017,0.03206644952,0.0097,0.01,-0.0017,-0.00490888115,-0.0066,0.0025,0.0012,0.01878286898,0.0157,0.0032,-0.003,0.005709599704,0.003,-0.0033,0.0027,0.03521363065,-0.001,-0.0034,0.012,-0.01463965233,0.0137,0.0011,-0.0088,-0.004985631909,0.0137,0.0011,-0.0088,-0.004985631909,0.0137,0.0011,-0.0088,0.0403397046,0.0131,0.0045,-0.0067,0.03995556757,0.0198,-0.0043,0.0006
-0.01792112924,0.0073,-0.0034,0.0108,0.01043424383,0.0021,-0.0065,0.0051,0.009382834658,-0.0002,0.0004,-0.0054,0.01259081066,-0.0102,-0.0017,-0.0065,-0.0242718216,-0.0092,-0.0044,-0.0086,0.02876870148,0.0087,0.0073,-0.0037,-0.004933029879,0.0015,0.0027,-0.0013,0.0007374096313,0.0031,0.0021,-0.0021,0.0008110485505,-0.0022,0.0004,-0.0018,-0.004997542594,-0.0043,-0.0046,-0.0022,0.08857138455,0.0033,0.0059,-0.0109,0.02320677973,0.0033,0.0059,-0.0109,0.02320677973,0.0033,0.0059,-0.0109,0.0306122452,0.0051,0.0025,-0.0056,-0.004802569747,-0.0085,-0.0057,0.0017
-0.02554742061,-0.0097,-0.0124,-0.0025,-0.004330481868,-0.002,-0.0033,0.0008,0.01322039682,0.0095,0.01,0.0004,-0.01099949982,-0.005,-0.0009,-0.0062,-0.01492535882,0.0056,0.0087,-0.0026,0.01565999351,0.0029,0.0004,0.0014,0.006373948418,0.007,0.0004,0.0007,0.005158485845,-0.0002,0.0061,-0.0097,0.008914072998,0.002,0.0018,0.0013,-0.007696083747,-0.0009,-0.0047,-0.0053,-0.02598419785,-0.0158,0.0025,0.0095,-0.0077319392,-0.0158,0.0025,0.0095,-0.0077319392,-0.0158,0.0025,0.0095,0.01782178134,0.0094,-0.0041,-0.0036,0.01662195474,0.0129,0.0052,-0.0043
-0.07116106898,-0.0246,-0.001,-0.0166,0.01472066063,0.0145,0.0051,0.0047,0.009582084604,0.0035,0.0058,-0.0076,0.01595744304,0.0103,0.0051,-0.0023,-0.02777781151,-0.0164,-0.0014,-0.0017,-0.007709217723,-0.0031,-0.009,0.008,0.007741003297,-0.0002,-0.0065,-0.0006,-0.01612905227,-0.0138,0.005,-0.0027,0.008032158948,0.0058,0.0037,0.004,0.03108641319,0.0042,0.0026,-0.002,0.01077870373,0.0145,-0.002,0.0015,-0.01558437571,0.0145,-0.002,0.0015,-0.01558437571,0.0145,-0.002,0.0015,0.01556420233,0.001,0.0107,-0.0124,0.04008440301,0.0066,-0.0046,-0.0013
0.03024195507,0.0111,0.0042,0.0122,-0.1081437767,-0.037,0.0016,-0.0121,0.004442674108,-0.0017,-0.0046,-0.0003,0.01142312121,0.0066,-0.0024,0.0032,-0.03896100447,-0.0165,0.0022,0.0014,-0.02774694748,-0.0147,-0.0112,0.007,-0.01675976068,-0.0082,-0.0084,0.0041,0.02459015884,0.0159,0.0066,0.0004,-0.01354582235,-0.0019,0.0001,0.0039,0.004919094965,0.0051,-0.0046,-0.0013,-0.01306312717,-0.0034,-0.0001,0.0017,0,-0.0034,-0.0001,0.0017,0,-0.0034,-0.0001,0.0017,0.007662835065,-0.0135,0.002,0.0115,0.007860075682,-0.0017,0.0012,-0.0031
-0.03522510827,0.0072,0.0045,-0.0042,-0.06580401957,-0.0207,-0.0095,-0.0072,0,-0.0028,0.0009,-0.0002,0.05411762744,0.0115,0.0098,-0.004,0,-0.0007,0.0003,0.0091,0.004566205665,-0.0126,-0.0029,-0.0007,-0.008522719145,-0.0081,-0.0032,-0.0002,-0.01600001939,-0.0067,0.003,-0.0036,0.01453960408,-0.005,0.0015,-0.0029,-0.0001579367818,0.0026,-0.0042,-0.0016,0.01755801402,-0.0009,0.0059,0.0025,-0.001583149657,-0.0009,0.0059,0.0025,-0.001583149657,-0.0009,0.0059,0.0025,-0.04182509333,-0.0119,-0.0042,0.0131,0.002264154842,0.0137,0.0158,0.0002
0.02636919171,0.01,-0.0006,0.0082,0.0593589209,0.0176,-0.0039,0.0016,0.02251706645,0.0015,-0.0017,-0.0003,0.01964288205,0.0047,-0.0007,-0.0001,-0.02972976491,-0.0187,-0.0049,-0.0005,-0.005681839772,0.005,0.0029,-0.0021,-0.0007163487608,-0.0032,-0.0004,0.0021,0.001478230464,-0.0013,0,0.0043,0.006369420327,-0.0024,-0.0001,0.0002,0.001737217535,0.0007,-0.0052,0.005,-0.004247407895,-0.0049,0.0006,0.0049,-0.009777984582,-0.0049,0.0006,0.0049,-0.009777984582,-0.0049,0.0006,0.0049,0.003968254197,0.0133,-0.0029,-0.0071,-0.006526062265,-0.0018,-0.0006,0.0044
0.02569172159,0.0183,0.0038,0.0068,0.03474039212,0.018,0.0027,-0.0003,0.01120722946,0.0018,0.0114,0.0094,-0.01094570942,-0.0013,-0.0007,0.002,-0.02785512805,-0.0044,-0.0028,-0.0053,0.02742854506,0.0121,0.0033,-0.0086,-0.005734761711,0.0055,-0.0047,-0.0003,-0.01697420701,-0.0059,-0.0019,0.0001,0.01186705846,0.0076,0.0025,-0.0001,-0.004571983591,0.0002,0.0072,-0.0089,0.003732423531,-0.001,0.0009,0.0061,-0.0005337725161,-0.001,0.0009,0.0061,-0.0005337725161,-0.001,0.0009,0.0061,0.02766798437,-0.013,-0.0043,0.0095,-0.01111678686,0.006,0.0027,-0.0052
-0.001926826313,-0.0009,0.0007,-0.0032,0.02202161402,0.0142,0.0035,0.0042,-0.02255492657,-0.0012,0.0004,0.0241,-0.02567507327,0.0043,0.0021,0,-0.02578794025,-0.0229,-0.007,-0.0028,-0.03225805983,-0.0224,-0.007,0.0078,-0.007930761203,-0.0013,0.0001,0.0014,0.007507536095,0.0212,-0.0008,0.0001,-0.002345561516,-0.0085,0.0019,-0.0027,0.01124483813,-0.0047,-0.0069,-0.0021,-0.003718544496,-0.0074,0.0018,0.0086,-0.01041386835,-0.0074,0.0018,0.0086,-0.01041386835,-0.0074,0.0018,0.0086,0.03653846309,-0.0144,-0.0041,0.0079,0.02784875222,0.0123,0.0028,0.0022
0.09845564514,0.0027,0.0017,0.0069,0.03602968901,0.0024,0.0052,-0.0044,-0.01571515575,-0.0011,-0.0025,0.0033,-0.01635622978,0.0005,-0.0001,0.0003,0.02352938801,-0.0034,-0.0102,0.0048,-0.03103442676,-0.0107,-0.0039,0.0024,-0.004360495601,0.0071,0.0021,-0.0009,-0.01043221634,0.0123,-0.0032,0.0064,0.008620662615,0.0062,-0.0044,-0.0025,0.01331242733,0.0092,0.0068,0.0004,-0.02879226953,0.0011,-0.0025,0.0058,-0.0002698903263,0.0011,-0.0025,0.0058,-0.0002698903263,0.0011,-0.0025,0.0058,-0.02226345055,0.0051,-0.0078,0.0038,0.009445713833,-0.0001,-0.0026,-0.0007
0.01581724919,-0.0001,0.0015,0.0009,-0.01363790035,-0.0085,-0.0064,-0.0137,-0.0006062809261,0.0055,0.0008,-0.0012,-0.02124707215,-0.0044,-0.0058,0.0021,0.05747127905,0.031,0.0159,-0.0063,-0.02491103485,0.007,-0.0051,0.0021,-0.004379522987,-0.0057,-0.004,0.0012,-0.006024090573,0.0035,0.004,0.0007,-0.0007770185475,-0.0029,0.003,0.0002,0.01545595098,0.0067,0.0074,0.0026,-0.002196042566,0.0006,0.0046,0.0027,-0.00107964687,0.0006,0.0046,0.0027,-0.00107964687,0.0006,0.0046,0.0027,-0.00948766619,-0.0133,0.0075,0.0111,0.04210783169,-0.0035,-0.0001,-0.002
-0.00692049088,0.0021,-0.0014,0.0054,-0.02004838921,0.0062,0.0018,-0.0015,-0.001213374548,-0.0017,-0.0047,-0.0052,0.0372816883,0.0074,0.0064,0.0008,0.1032608375,0.0018,-0.0051,0.0011,0.01094892342,0.0059,-0.0036,0.002,0.002932548523,0.003,0.0047,-0.0013,-0.01439390797,-0.0003,0.0076,-0.0005,0.006998457015,0.0076,-0.0038,-0.0022,0.003348572878,-0.003,-0.0037,-0.0024,-0.01595592871,0.0278,-0.0109,-0.0124,-0.02323687822,0.0278,-0.0109,-0.0124,-0.02323687822,0.0278,-0.0109,-0.0124,0.01149425283,-0.009,-0.0187,0.0265,-0.008506634273,0.0048,-0.0056,0.0086
-0.01045295224,-0.0019,-0.004,0.0055,0.03703701124,0.0002,0.0034,-0.0017,-0.005669139326,-0.003,-0.0024,-0.0011,-0.01046403777,0.0018,0.0008,0.003,0.01477831136,0.0444,0.0105,0.0117,0.05896507204,0.0113,0.0004,-0.0037,-0.008040980436,-0.0122,-0.0047,0.0018,-0.004265981261,0.001,0.0036,0.0004,0.01853280142,-0.0002,0.0013,-0.0028,0.002578855725,0.0001,0.0035,0.0005,0.01369857043,0.0052,0.0077,-0.0048,0.02489620075,0.0052,0.0077,-0.0048,0.02489620075,0.0052,0.0077,-0.0048,-0.04924242571,-0.0233,-0.0024,0.0169,0.02460001409,0.0049,0.0009,-0.0046
-0.03873235732,-0.0086,-0.0046,-0.0062,0.02176875249,0.016,0.0092,0.003,-0.00651597837,-0.0003,-0.0023,-0.0015,-0.0009195612511,-0.0049,0.0046,0.0032,0.04368939623,-0.0022,-0.005,-0.0067,-0.02045457996,0.0023,0.0034,0.0022,0.01768612675,0.0005,0.0001,-0.0008,-0.01003861893,0.0032,-0.0056,0.0069,0.02198635042,0.0039,-0.0027,-0.0028,-0.000907816051,0.0024,0.0026,0.0063,0.01323782094,0.0022,0.0015,0.0002,0.02348175272,0.0022,0.0015,0.0002,0.02348175272,0.0022,0.0015,0.0002,0.05378486216,0.0103,0.0079,-0.0046,-0.004895172082,0.0009,0,0.0047
-0.04212454706,-0.0215,0.0012,-0.0206,0.03728358448,0.0043,0.006,0.0026,0.01783150062,0.0086,0.0012,-0.0075,-0.02300966531,0.009,0.0017,0.0004,0.03255810589,0.0005,0.0044,0.0062,0.01624133997,0.0036,0.0022,-0.0043,-0.01230992563,-0.0015,-0.0041,0.0011,0.002340147272,0.0042,-0.0004,0.0061,-0.01854599454,-0.0057,-0.0092,0.0002,-0.0009086409118,-0.0007,-0.0021,-0.0021,0.0076210876,0.0187,0.0009,-0.0132,0.01529540773,0.0187,0.0009,-0.0132,0.01529540773,0.0187,0.0009,-0.0132,-0.005671077408,0.0016,-0.0131,0.0148,0.01592879742,0.0033,0.002,-0.0052
-0.02294452861,-0.0028,0.0011,-0.0068,0.1123234928,0.0075,0.0063,0.0099,-0.0328232199,-0.0073,-0.004,-0.005,0.06311823428,0.0024,0.0015,-0.0025,0.0585585013,0.0109,0.0029,0.0029,-0.01940640062,0.0058,0.0073,-0.0034,-0.003665703116,0.0007,0.0007,0.0016,0.003890991211,0.0067,0.0044,0.0024,-0.04157212749,0.0033,-0.0088,-0.0027,0.0001516164339,-0.0007,0.0032,-0.0008,0.004862244707,-0.0015,0.0033,0.0015,0.02285717055,-0.0015,0.0033,0.0015,0.02285717055,-0.0015,0.0033,0.0015,-0.01520912535,0.0002,-0.0001,0.0035,0.0108370129,0.001,0.0002,-0.0027
0.07436391711,0.0093,0.0001,0.0111,-0.006058831234,-0.0005,-0.0052,0.0049,0.008328160271,-0.0007,-0.0005,-0.0168,-0.02215330116,-0.0067,-0.0021,0.005,0.002127708402,0.0004,-0.0008,0.0004,0,-0.0031,-0.0065,0.009,0.0007358519942,0.0019,0.0049,0.0015,-0.00465112133,-0.0008,-0.0057,0.0005,-0.01104103588,-0.0116,-0.004,-0.0011,-0.0003031868837,0.0005,-0.0013,-0.0019,0.02688171901,-0.0171,-0.0018,0.0092,-0.02107673511,-0.0171,-0.0018,0.0092,-0.02107673511,-0.0171,-0.0018,0.0092,0.003861003788,0.0111,-0.0143,0.0009,-0.01003646478,0.0007,0.0075,-0.0028
0.02732242271,0.0131,0.0023,0.0026,0.04150944203,0.0051,-0.0046,0.0046,0.01115013286,0.0002,0.0052,-0.004,0.01268693618,0.0014,0.0031,0.0012,0.05095536634,0.0016,-0.0031,0.0074,-0.02561120689,0.0008,-0.004,-0.0017,-0.006617658306,-0.0031,-0.0002,0.0001,0.003115261905,0.0009,-0.0004,-0.0012,0.02073367126,0.0042,0.0019,0.0026,-0.001364407828,0.0022,0.0012,0.0005,-0.007853383198,0.0041,0.005,-0.0043,-0.01893643476,0.0041,0.005,-0.0043,-0.01893643476,0.0041,0.005,-0.0043,0.02307692356,0.0089,-0.0076,0.0031,0.01566820964,-0.0003,-0.009,-0.0036
0.026595762,0.0088,0.0019,0.0006,0.0002786600089,-0.0005,0.0031,0,-0.006943029352,0.0024,0.0082,-0.0049,0.02774044313,-0.0003,0.0017,0.0006,-0.04040400311,-0.0223,-0.0073,-0.0103,-0.05376341939,-0.0105,-0.0096,0.0055,-0.00370097626,-0.0056,0.0046,0.0017,-0.02173911035,-0.0049,0.0021,-0.0055,0.0007812678814,-0.0041,0.0006,0.0031,-0.006376283243,-0.0057,-0.003,0.0001,0.01292870287,-0.0104,0.008,0.003,-0.0005288328393,-0.0104,0.008,0.003,-0.0005288328393,-0.0104,0.008,0.003,0.007518797182,0.0116,0.0017,-0.0077,-0.007486429531,0.0006,-0.0015,0.0015
0.03626943752,0.009,0.0081,0.007,0.003900791053,0.0025,-0.0002,-0.0013,0.003084468655,0.0004,-0.0003,0.007,-0.002176719252,-0.0028,-0.0039,0.0031,0.06315793842,0.0183,0.0131,0.0013,-0.03661615774,0.0011,-0.0063,-0.0059,0.009658254683,0.0021,0.0013,0.0019,0.003174599959,0.007,0.0044,-0.0013,0.009367671795,0.007,0.0014,0.0025,0.01283428539,0.0085,0.0035,-0.0023,-0.007554074284,-0.0106,-0.0031,0.0113,0.0129630072,-0.0106,-0.0031,0.0113,0.0129630072,-0.0106,-0.0031,0.0113,0.01679104567,0.001,-0.0048,0.0095,-0.007314278744,-0.0005,-0.0098,0.0025
0.1150000095,0.0108,0.0046,0.0092,-0.000555105682,-0.0022,-0.0065,0.0005,-0.005740032531,-0.0085,-0.0039,0.0133,-0.01178012509,0.0058,0.0031,0,0.007920783944,-0.0148,0.0007,-0.0049,0.0183486063,0.0056,-0.0022,-0.0013,-0.00588667579,-0.0066,-0.0057,-0.0009,0.02294303477,0.0015,0.0016,-0.0016,-0.002320238622,0.0031,-0.0041,0.0017,-0.02081757784,0.0059,-0.0038,-0.0018,-0.01653536223,-0.0174,-0.0028,0.0186,-0.009663169272,-0.0174,-0.0028,0.0186,-0.009663169272,-0.0174,-0.0028,0.0186,-0.02018348686,-0.006,0.0048,0.0009,0.03131477162,0.0051,0.0004,-0.0035
0.001494731288,-0.001,0.0013,-0.0008,-0.002499310067,0.0048,0.0045,-0.0089,0.01546391752,0.0102,0.0074,0.0022,-0.0141280219,-0.0021,0.0011,0.0044,-0.03339883685,-0.0105,-0.0101,0.0008,0.0173745472,0.0035,0.0024,-0.0003,-0.005181394983,0.0065,0.0037,-0.0026,0.0007733391249,0.0023,-0.0001,0.0031,0.01085274015,0.0128,0.0062,-0.0005,-0.003235351993,0.0042,-0.0027,0.0023,-0.006405168679,0.0073,-0.0029,-0.0011,0.0282173939,0.0073,-0.0029,-0.0011,0.0282173939,0.0073,-0.0029,-0.0011,0.01123595517,-0.0103,-0.004,0.0098,-0.007590983529,-0.0021,-0.0094,-0.0004
0.03582093492,0.0065,0.0006,0.0064,-0.02672603354,-0.0038,-0.0004,-0.0004,0.007512668613,-0.0083,-0.0013,0.0137,-0.00358262076,0.0028,0.0014,0.0013,0.04065036774,-0.0121,-0.0028,0.0091,0.02719793469,0.0004,-0.0017,-0.0016,-0.01156992931,-0.0031,-0.0005,0.0036,0.01236482244,0.0068,0.0034,0.0075,0.003834370524,0.0035,-0.0023,-0.0018,-0.00587321911,0.0066,-0.0035,-0.0025,-0.03411228955,0.0054,0.0086,-0.0059,-0.03488075361,0.0054,0.0086,-0.0059,-0.03488075361,0.0054,0.0086,-0.0059,0.02037036978,0.0086,0.0017,0.0014,-0.01102365926,0.0031,0.0088,0.0002
0.06772331148,0.0044,0.0056,0.0055,0.04004581273,0.0048,0.0026,-0.0013,0.01410723012,0.0014,-0.0009,-0.0029,0.004044950474,0.0031,0.0047,0.0041,0.02734381706,0.004,0.0064,0.0016,0.009852207266,-0.0007,0.0019,0.0043,0.003012045287,0.011,0.0072,-0.0004,-0.0007633762434,0.0029,-0.0039,0.0082,0.004583610687,-0.0028,-0.0009,-0.0044,-0.004975119606,0.0019,-0.0015,0.0004,-0.02391547896,0.0049,0.0065,-0.0015,0.002125910483,0.0049,0.0065,-0.0015,0.002125910483,0.0049,0.0065,-0.0015,-0.01088929176,0.0124,-0.0005,-0.0038,-0.01979069412,0.0048,-0.0039,-0.0007
-0.008097158745,0.0155,0.0038,0.013,-0.01540157758,-0.0027,-0.0005,-0.0023,0.001391090918,0.0024,0.0035,0.012,-0.01790508628,0.0022,0.0026,0.0014,0.05893534794,0.0045,0.0022,-0.0006,0.01951217651,0.0013,-0.0027,-0.0055,-0.01351346541,0.0013,-0.0006,0.0026,-0.0114591727,-0.0016,0.001,-0.003,-0.03650186583,-0.0248,-0.0145,-0.0027,-0.02531248331,0.0015,-0.0035,-0.0004,0.01538464241,0.0145,0.0042,-0.0131,0.01193319447,0.0145,0.0042,-0.0131,0.01193319447,0.0145,0.0042,-0.0131,-0.02385321073,-0.0046,-0.0006,0.0019,0.009746998549,0.004,0.0096,-0.0053
0.1972789466,-0.003,-0.0003,-0.0027,0.02094972134,0.0013,0.0058,0.0054,0.01726530865,0.0012,-0.0068,-0.0058,-0.0004557989305,0.0046,0.0063,-0.003,-0.07181330025,-0.0131,-0.0041,-0.0072,-0.01913873851,-0.0103,-0.0055,0.0013,0.02815828659,-0.0036,-0.003,0.0001,0.003864002414,0.0008,0.002,0.0047,0.04025258124,0.0147,0.0018,0.0008,0.009297819808,-0.0007,0.0006,0.0056,0.0002806435514,-0.0097,0.0002,0.0024,-0.008123725653,-0.0097,0.0002,0.0024,-0.008123725653,-0.0097,0.0002,0.0024,-0.01503759436,-0.0018,0.0068,-0.0027,0.01310051791,-0.0009,0.0004,-0.0003
-0.01704551838,0.0023,0.0013,-0.0017,-0.009575881995,-0.0014,0.0056,-0.0043,0.01541164517,-0.0095,-0.0051,0.0012,-0.01869584247,0.0036,-0.0061,0.0025,0.03288202733,0.031,0.0076,0.0035,0.01036585867,0.0045,-0.0084,0.011,0.03034787811,0.0122,0.0029,-0.0045,0.006928418297,0,-0.0043,0.0017,-0.002276228042,-0.0146,-0.0025,-0.0052,0.02986018546,0.0087,0.0114,0.003,0.001121938229,0.0054,0.0028,-0.0123,-0.001320983865,0.0054,0.0028,-0.0123,-0.001320983865,0.0054,0.0028,-0.0123,0.007633587811,0.0112,-0.0038,-0.0053,0.003629760351,0.003,0.001,-0.0049
0.04393064976,-0.0027,-0.0016,-0.0064,0.003867386375,0.0018,-0.0049,-0.0032,0.01882804185,0.007,0.0043,-0.0041,0.01347578969,-0.0007,-0.0035,0.001,0.005617927294,0.002,0,0.0129,0.001810542424,-0.0026,-0.0101,0.0039,-0.01364946365,0.003,0.001,-0.0014,-0.001529014087,0.0017,0.0012,-0.0015,-0.01292776316,-0.0071,0.0019,-0.0003,0.008019806817,0.0066,-0.0032,0.0016,-0.00504343817,-0.0099,0.0002,0.0068,-0.01111106295,-0.0099,0.0002,0.0068,-0.01111106295,-0.0099,0.0002,0.0068,-0.003787878901,-0.0028,0.0018,-0.0026,0.05492758751,-0.0035,-0.0089,-0.0115
-0.06533778459,0.0066,-0.0008,0.0149,-0.02311502956,0.0017,-0.0004,0,-0.00697716279,0.0005,-0.0045,-0.0007,0.00596061768,-0.0018,0.001,-0.0002,-0.01489756536,0.0083,-0.002,0.0066,0.01686739549,0.0025,0.007,-0.0036,0.002913395176,-0.004,-0.0011,-0.0009,-0.006891282741,-0.0011,0.0014,-0.0005,0.02773502469,0.0097,0.0008,0.001,0.001682995819,-0.0049,-0.0103,0,-0.0199943427,-0.0098,0.0003,0.008,-0.01658648252,-0.0098,0.0003,0.008,-0.01658648252,-0.0098,0.0003,0.008,-0.007604562677,0.004,-0.0006,-0.0042,-0.02249837667,-0.009,-0.0099,0.0061
-0.07819898427,-0.01,0.0014,-0.0091,0.002816858469,-0.0016,0.002,-0.009,-0.01993921772,0,0.0036,-0.0055,-0.001823195722,0.0005,0.0026,0.0003,0.009451831691,0.0084,-0.0062,-0.0012,0.03791477159,0.012,0.014,-0.0026,-0.0007262330037,0.0073,-0.0012,0.0011,0.0007709541242,-0.001,-0.0065,0.0023,-0.01274363417,0.0045,-0.0016,-0.0013,0.009164479561,0.0095,-0.0003,-0.001,-0.03735630214,0.0002,-0.0012,0.0011,-0.0179542955,0.0002,-0.0012,0.0011,-0.0179542955,0.0002,-0.0012,0.0011,0.03256705031,-0.0001,0.0014,-0.0018,-0.02082421631,0.0065,0.004,0.0009
-0.005141444504,-0.0107,-0.0061,-0.0133,-0.05870787054,-0.007,-0.0058,0.0018,0.04243360832,0.0072,0.0013,-0.0052,-0.03333331272,-0.0107,-0.0041,0.0023,-0.003745314665,0.0004,0.005,-0.0055,0.01141545922,-0.0005,-0.0107,0.0021,0.01962205581,0,0.0054,-0.0028,0.02003083564,0.0118,0.005,0.0078,0.01290812995,0.0111,0.0047,0.0062,-0.01528684981,-0.0018,-0.005,-0.0025,-0.001194057171,-0.0106,0.0055,0.0072,-0.001385020441,-0.0106,0.0055,0.0072,-0.001385020441,-0.0106,0.0055,0.0072,-0.0463821888,0.0055,0.0019,-0.0094,0.00179095217,0.0046,0.0042,0.0032
0.03617579862,-0.0064,0.0019,-0.0052,0.00208896515,0.0045,0.0049,0.0082,0.000185913319,0.0017,-0.0009,0.0038,-0.04487485811,-0.0072,-0.0005,0.0018,-0.03007524833,-0.0134,-0.007,-0.0008,-0.009029337205,-0.006,-0.0109,-0.0046,-0.01639341004,-0.0076,-0.002,0.0015,0.006042290479,-0.0026,-0.0138,0.0006,0.005996995606,0.0006,0.0035,0.0115,-0.0001536198397,0.0057,0.0093,-0.0006,-0.03885233775,-0.0196,0.0004,0.0077,-0.01331482828,-0.0196,0.0004,0.0077,-0.01331482828,-0.0196,0.0004,0.0077,0.01556420233,0.0034,0.0071,-0.0089,0.03731839359,-0.0017,-0.0032,0.0008
-0.002493822481,0.0179,0.0035,0.011,0.00298692612,0.0005,0.0009,-0.0039,0.007619398646,0.0042,-0.0012,-0.0051,-0.01780408993,-0.0007,-0.0012,0.0056,0.01937991939,0.011,0.0019,0.0029,-0.00341682625,-0.009,0.0034,-0.0028,-0.01159419212,-0.0044,-0.0069,0.0047,-0.0007506963448,0.0059,0.0059,0.0014,0,0.0049,0.0017,-0.001,-0.002459702548,0.0077,-0.0035,-0.0016,0.003731310135,-0.0046,-0.0001,0.0049,-0.008152963594,-0.0046,-0.0001,0.0049,-0.008152963594,-0.0046,-0.0001,0.0049,0.005747126415,-0.0004,0.007,-0.0037,0.01852651127,0.0025,0.0058,0.0025
0,-0.0012,-0.0005,0.0037,0.02561038546,0.0093,0.0042,0.0092,-0.006455224473,0,0.0021,0.0011,0.04078546911,0.0105,0.0109,-0.0052,-0.01140692364,-0.004,-0.0005,-0.0019,-0.00799996499,0.0036,0.0027,-0.0042,0.01173019409,-0.0002,-0.0026,0.003,-0.01126976497,-0.0015,-0.0006,-0.0034,-0.002235449618,-0.002,-0.0036,-0.0024,0.005701999646,0.0022,0.0014,-0.0035,0.02509297989,-0.0063,-0.0086,0.0094,0.01814057305,-0.0063,-0.0086,0.0094,0.01814057305,-0.0063,-0.0086,0.0094,0.01523809507,0.0049,-0.0026,-0.0032,0.001269064611,-0.0082,-0.0057,0.0021
-0.006250023842,-0.004,-0.0057,-0.0063,-0.002613245044,-0.0006,0.0001,0.0051,-0.01336546149,0.0004,-0.003,-0.003,0.01548135933,-0.0007,0.0032,0.0005,-0.01538460143,0.015,-0.0018,0.0093,0.02419355139,0.005,0.0061,0.0007,0.05797102675,0.0072,0.0016,-0.0008,0.009878428653,-0.0021,-0.0025,-0.0028,0.01120236143,0.0067,0.0009,-0.001,-0.04673617706,-0.0013,-0.0084,0.0044,-0.0414022617,0.0021,-0.0062,0.0017,-0.04231616855,0.0021,-0.0062,0.0017,-0.04231616855,0.0021,-0.0062,0.0017,0.005628517829,-0.0003,0.0063,-0.0019,-0.02133498713,0.0013,0.0171,-0.001
-0.09056601673,-0.0263,-0.0059,-0.0139,0.006986948662,0.0005,-0.0003,-0.0027,-0.01015994139,0.0059,0.0052,0.0003,-0.0262029171,-0.0063,0.0021,0.0025,0.02148440108,0,-0.0064,0.0004,-0.003374655265,-0.0078,-0.0082,0.0023,-0.02191785164,-0.0055,-0.0018,0.0025,0.0007524626562,-0.0002,0.0053,-0.0016,0.01181682758,0.0029,0.0036,-0.0001,-0.03247067332,0.0007,0.0017,-0.005,0.01670872234,0.0107,0.003,-0.0047,-0.0002907597518,0.0107,0.003,-0.0047,-0.0002907597518,0.0107,0.003,-0.0047,-0.003731343197,-0.0011,0.0037,0.0018,-0.002374284668,-0.0172,-0.0062,-0.0012
0.03181189671,-0.0049,-0.003,-0.0013,-0.0118531324,-0.0029,-0.0044,-0.002,-0.005132112652,-0.0001,0.0006,-0.0004,-0.005381634459,0.0032,0.001,0.0033,0.03632888198,0.0039,0.0018,0.0019,0.002257388085,0.0081,-0.0028,0.0009,-0.00560223544,-0.0078,-0.0011,0.0009,-0.01729327068,0.0039,0.0012,0.0018,-0.01605841331,-0.0108,-0.014,-0.0017,0.01046687271,0.0111,-0.0062,-0.0052,0.01550387591,0.0098,-0.0014,-0.0029,0.01628384367,0.0098,-0.0014,-0.0029,0.01628384367,0.0098,-0.0014,-0.0029,-0.01685393229,0.0119,0.0014,-0.0056,0.04565124586,0.005,-0.0008,-0.0017
0.001340449322,0.0154,0.0005,0.0181,0.02282032743,0.0054,0.0014,0.0003,-0.0082155196,-0.0008,-0.0041,-0.0024,-0.01082141232,0.0092,0.0057,-0.0016,0.005535006057,-0.0019,0.0002,-0.0027,0.007882848382,0.0036,0.0063,-0.0026,0.001408483018,-0.0103,-0.0052,0.0026,0.006886010524,0.0087,-0.0007,0.0028,0.02077156492,0.0104,0.006,0.001,-0.007563286461,-0.0062,-0.0004,-0.0028,-0.01557246782,-0.01,-0.0038,0.0018,-0.01688126288,-0.01,-0.0038,0.0018,-0.01688126288,-0.01,-0.0038,0.0018,-0.003809523769,0.0038,0.0017,-0.0036,-0.01344923489,-0.0155,0.005,-0.0059
0.008032185026,0.0142,0.0054,0.0024,-0.001144191017,-0.0006,0.0009,-0.0016,-0.01213641092,-0.0003,0.001,-0.0018,-0.003978116438,-0.0073,0.0008,0.0007,0.01467897277,0.0028,0.0024,-0.0005,0.01787707768,0.0049,0.0062,-0.0023,0.004219371825,0.003,-0.0008,-0.0025,-0.00531912595,-0.0017,0.0015,-0.0035,0.02252903022,0.0112,0.0063,0.0018,-0.008780629374,-0.0106,0.0014,-0.0022,-0.007444220595,-0.0054,0.0043,-0.0029,-0.03259601071,-0.0054,0.0043,-0.0029,-0.03259601071,-0.0054,0.0043,-0.0029,0.03441682458,-0.0097,-0.0025,0.013,0.002516756067,-0.0068,-0.0027,0.0008
-0.01062422246,0.0028,-0.0038,0.0058,0.02720506303,0.0039,0.0074,0.0039,-0.01306548715,0.0038,0.0035,0.0095,0.001497692429,0.0026,-0.001,-0.0022,0.07052438706,0.0097,0.0038,0.0038,0.01646548696,0.0069,0.0069,-0.0016,0.01750700362,0.0015,0.0053,0.0014,0.01145910006,0.0069,0.0002,0.0059,0.01279319916,0.0023,0.0024,0.0084,0.01621255837,-0.0007,-0.0074,0.0012,0,-0.0004,0.0139,-0.0009,0.00481347274,-0.0004,0.0139,-0.0009,0.00481347274,-0.0004,0.0139,-0.0009,-0.007393715438,-0.0123,-0.0031,0.0196,-0.05062757805,-0.008,0.0061,0.0061
0.02416111529,0.0082,0.0026,0.0038,0.0245330669,-0.0057,-0.0027,0.0058,0.007903531194,-0.0006,-0.0034,-0.0074,0.03040880524,0.0121,0.0079,-0.0058,-0.04054058343,0.0013,0.0017,0.0032,0.02051831223,-0.0011,-0.003,0.0022,-0.007570520043,0.0012,0.0054,0.0002,-0.01208458096,0.0018,0.0009,-0.0052,-0.001403540839,0.0054,0.001,0.0013,-0.008059175685,0.0003,0.0008,0.0054,0.03875005245,-0.0022,0.0083,-0.0007,0.02604787052,-0.0022,0.0083,-0.0007,0.02604787052,-0.0022,0.0083,-0.0007,-0.01303538214,0.008,0.0073,-0.0088,0.01740848646,0.0215,0.0087,-0.0009
-0.007863688283,0.0059,0.0061,-0.0022,-0.004081674386,0.0012,-0.0056,0.0025,-0.01980000734,-0.0014,-0.0065,0.0044,0.002902731765,0.0069,0.0079,-0.0017,-0.01760561764,0.0031,0.0029,0,0.01058205124,0.0054,-0.0019,-0.0011,0.009015264921,-0.0002,-0.0007,-0.0011,-0.01911314949,-0.0124,-0.0135,-0.0053,0.007027433719,0.0044,-0.0024,0.0016,-0.02652963437,-0.0213,0.0004,-0.0028,0.02105887234,0.0131,0.0013,-0.0101,0.02713744715,0.0131,0.0013,-0.0101,0.02713744715,0.0131,0.0013,-0.0101,-0.001886792481,-0.0083,-0.0085,0.0118,0.01299550198,0.0236,-0.0088,-0.0018
0.01188899297,0.0036,-0.0053,0.0032,0.001912560081,0.0032,0.0046,0.0034,0.009800033644,-0.0017,-0.0003,0.0027,-0.02411963418,0.002,-0.0028,-0.0002,-0.01612905972,-0.0052,-0.0024,-0.0044,0.0115182884,0.0006,-0.0066,0.0026,0.0006873009261,0.0006,-0.0058,0.0021,-0.003117689863,-0.0029,-0.0104,0.007,-0.01674806513,-0.0031,0.0008,-0.0026,-0.02929649875,-0.0403,0.0079,-0.0058,0.03565123677,0.0035,0.0251,-0.0091,0.02642046288,0.0035,0.0251,-0.0091,0.02642046288,0.0035,0.0251,-0.0091,-0.032136105,-0.0045,-0.0081,0.0152,0.01304256171,0.0043,-0.0024,0.0023
0.001305512968,-0.0022,0.0012,-0.0016,-0.004908549134,-0.0011,0.001,-0.0014,-0.0009903555037,-0.0011,-0.0036,0.0045,0.04893721268,0.0002,-0.004,0.0005,-0.04189427197,0.0036,-0.001,-0.0075,0.01656313054,0.0006,-0.0069,0.0038,-0.002747250022,0.0092,0.002,0.0005,-0.01720095985,0.0011,-0.009,0.006,0.004968040623,0.0054,0.0045,-0.0017,0.02017893828,0.0167,-0.0051,-0.0017,-0.01280229725,0.0056,-0.0336,0.0139,-0.003598147305,0.0056,-0.0336,0.0139,-0.003598147305,0.0056,-0.0336,0.0139,0.015625,-0.005,0.0032,0.0013,0.0006331527838,0.0037,0.0021,-0.001
0.05997392908,0.0173,0.0003,0.0117,-0.01342838164,-0.0002,0.0025,-0.004,0.01229188684,0.0024,-0.0018,0.0015,0.03581527993,0.0014,-0.0066,-0.0044,0.02281366475,0.0122,0.0056,0.002,0.02342163958,-0.0005,-0.0027,0.002,0.02272726595,0.002,0.0031,-0.0025,0.01511539705,0.0065,0.003,-0.0029,-0.01483051106,-0.0002,-0.0021,-0.0003,-0.004299965687,-0.0037,0.0053,0.002,0.002305418253,-0.0021,-0.0004,0.001,0.01861106046,-0.0021,-0.0004,0.001,0.01861106046,-0.0021,-0.0004,0.001,0.05192307755,0.0029,-0.0008,-0.0028,-0.005905901082,0.0021,-0.0031,0.011
-0.03444036841,0.0035,-0.0023,-0.0046,0.01111115329,0.0027,0.0057,-0.0002,-0.01194674056,-0.0008,-0.0117,0.0015,-0.005004490726,0.0012,-0.0004,0,0.02973974869,0.0051,-0.0014,-0.0021,0.0218905732,0.0028,0.0023,-0.0008,-0.002020248212,0,0.0046,0.0003,-0.02037619241,0.0002,0.0001,0.0011,0.002150518587,0.011,0.0015,0.0028,-0.03903952986,-0.0368,0.0079,0.005,0.0005750562996,-0.0124,0.0029,0.0033,0.003545161569,-0.0124,0.0029,0.0033,0.003545161569,-0.0124,0.0029,0.0033,-0.02010968886,0.0001,0.0087,-0.0027,0.01952043548,0.0007,0.0036,-0.0018
-0.02420382947,-0.0082,0.0002,-0.0125,0.006868131459,-0.0056,-0.0049,0.0038,0.001982130343,-0.0021,-0.0033,-0.0031,0.006401435006,-0.0055,-0.0016,0.001,-0.01805052534,0.0003,0.0024,0.0065,0.0009736391949,0.0077,0.013,-0.0018,0.001349558588,-0.0097,0.0023,-0.0014,-0.003199996892,0.006,0.014,-0.0022,0.02575111762,0.0051,-0.0014,0.0019,-0.002336887643,0.0136,-0.006,0.0014,-0.03591953963,-0.0229,0.0034,0.0092,-0.03722823411,-0.0229,0.0034,0.0092,-0.03722823411,-0.0229,0.0034,0.0092,-0.01679104567,-0.0123,-0.0023,0.0125,0.00707596587,0.0039,0.0038,-0.0032
-0.02741514891,0.0092,0.0006,0.0001,0.001909950632,-0.0008,0.0019,0.0048,0.004945598543,0.0025,0.003,0.0038,0.01453883201,0.0075,0.0089,-0.0017,-0.003676467109,0.0002,-0.003,0.0016,0.02529185079,0.0054,0.0048,-0.0002,0.0114555303,-0.0163,-0.0101,-0.002,0.002407683292,0.0026,-0.001,0.0035,-0.01394698769,-0.005,0.0015,-0.0024,0.02360362746,0.0136,-0.0045,-0.0028,0.01609540731,0.0059,-0.0029,0.0072,0.01806377061,0.0059,-0.0029,0.0072,0.01806377061,0.0059,-0.0029,0.0072,-0.02656546421,-0.018,-0.0034,0.0058,0.008059503511,0.0013,0.0016,0.0059
0.028187925,-0.0069,-0.0074,-0.0055,-0.01334427204,-0.0015,0.0014,-0.0009,-0.004330657888,0.0016,-0.001,-0.0057,0.02104788646,0.0054,0.0079,-0.0037,0.01476013288,0,0.0082,-0.0032,-0.007590125781,0.0022,0.0102,-0.0032,0.01332443766,-0.0057,-0.0032,0.0009,-0.04483582824,-0.0188,-0.0086,-0.0003,0.01697310992,0.0104,-0.0001,0.0031,0.00616085995,0.0031,0.0008,-0.0024,-0.003226770554,-0.0149,-0.0071,0.0196,-0.006653669756,-0.0149,-0.0071,0.0196,-0.006653669756,-0.0149,-0.0071,0.0196,0,0.0124,0.0039,-0.0141,0.009225107729,-0.0048,0.0006,0.0032
-0.1187989414,-0.009,-0.0007,-0.0056,-0.001656124019,0.0053,-0.0008,0.0034,-0.0114670191,-0.0024,-0.0006,0.0025,-0.07587717474,-0.0074,-0.0064,0.0018,0.01272730436,0.0091,0.0011,-0.0079,0.01625239663,-0.0003,-0.0018,-0.0003,-0.003287323518,0.0042,0.003,0.0028,-0.006705777254,0.0071,0.0001,-0.0028,-0.009040341713,-0.0006,0.0037,0.0048,0.009972003289,0.0152,0.0025,0.0048,0.01706891879,-0.0018,-0.0051,0.0032,0.01730390452,-0.0018,-0.0051,0.0032,0.01730390452,-0.0018,-0.0051,0.0032,0.009746588767,-0.0039,0.0069,-0.0066,-0.0008125312743,-0.0093,0.0051,-0.004
0.008888880722,0.0105,0.0004,0.0064,0.02432958595,-0.0014,0.0012,0.0029,-0.01199996937,-0.0014,-0.0076,-0.0006,-0.005220721941,0.0057,0.0092,0.0047,0.04129264131,-0.0059,0.0023,-0.0045,-0.01881465688,-0.0034,-0.0014,-0.0024,-0.008575205691,-0.0073,-0.0006,-0.002,0,0.0175,0.0047,0.0052,0.004210555926,0.0016,-0.0011,-0.0006,0.007794920821,0.0121,-0.0014,-0.0063,0.03153926507,0.0244,0.0015,-0.0073,0.03264742345,0.0244,0.0015,-0.0073,0.03264742345,0.0244,0.0015,-0.0073,0.03474903479,-0.0054,-0.0062,0.0094,-0.0002032592311,-0.0012,-0.0062,0.0008
-0.07342144102,-0.0123,-0.0081,-0.0102,-0.02024291456,-0.0024,-0.0039,0.0014,-0.01518223248,-0.0149,-0.0031,0.0026,-0.02242363244,-0.0047,-0.0051,0.0016,0.001724095084,0.0001,0.0082,-0.0013,-0.04697993398,-0.0068,0.0011,0.0017,-0.02262143418,-0.0033,-0.0099,0.0017,-0.02362874895,-0.0026,-0.0004,-0.004,-0.01956678368,-0.0092,-0.007,-0.0014,0.001546925982,0.0003,0.0035,0.0015,-0.0005617034622,0.0054,0.0025,-0.0049,0.007970224135,0.0054,0.0025,-0.0049,0.007970224135,0.0054,0.0025,-0.0049,0.03544776142,0.004,-0.0055,-0.0003,-0.01667343825,-0.0184,0.0033,-0.0068
-0.06973059475,-0.012,0.0002,-0.0135,-0.001652825391,0.0003,0.0013,-0.0051,-0.004119480029,0.002,0.0024,-0.0087,0.0068325717,0.0021,0.0027,0.0021,0.0189328976,-0.0031,-0.0044,-0.003,0.02917504683,0.0031,-0.0006,-0.0018,0.000680750818,-0.0079,-0.0055,0.0008,0.009507399984,0.0026,-0.0004,-0.0005,0.0242337957,-0.0019,0.0047,-0.001,-0.009267220274,-0.0062,-0.0036,-0.0023,0.001686271979,-0.0116,-0.0015,0.0099,-0.0179230459,-0.0116,-0.0015,0.0099,-0.0179230459,-0.0116,-0.0015,0.0099,-0.03783783689,-0.0056,-0.0034,0.0058,-0.02357318811,-0.0104,-0.0078,-0.0031
0.005110768601,-0.0051,-0.0062,-0.0061,0.008002127521,0.0053,0.004,0.0035,0.009514020756,0.0103,0.0029,0.0011,-0.01017930638,0.0043,-0.0038,-0.0005,0,-0.0005,-0.0005,0,0.01564035192,0.0013,0.0047,-0.0069,0.006122459657,-0.0009,0.0045,-0.0052,0.003424654249,0.0029,0.0006,-0.0053,-0.006263058633,-0.0006,0.0017,0.0008,0.005196591839,-0.0043,0.0078,0.0021,0.002805900294,0.0105,0.0052,-0.0078,-0.02308096737,0.0105,0.0052,-0.0078,-0.02308096737,0.0105,0.0052,-0.0078,0.005617977586,-0.0096,-0.0057,0.0111,-0.00529436674,0.0119,0.002,-0.0065
-0.07796610892,-0.0216,-0.0147,-0.0135,0.01177115552,0.0026,0.0009,-0.0054,-0.005941424053,-0.0011,-0.0085,-0.0002,0.01567089558,0.0067,0.0054,-0.0025,0.0253378544,0.011,0.0109,0.0039,0.01347443555,0.0034,0.0054,0.0046,0.04935770854,0.0092,0.0051,-0.001,0.02559728548,0.007,0.0025,0.0059,-0.0007002293714,0.0077,0.0062,0.0024,-0.01223503519,0.0001,0.0004,-0.0042,-0.02126474865,-0.0069,-0.0071,0.006,-0.0263737049,-0.0069,-0.0071,0.006,-0.0263737049,-0.0069,-0.0071,0.006,-0.005586592015,-0.0021,-0.0066,0.0034,0.02597397007,0.0181,-0.0011,-0.0028
0.03676467016,0.022,-0.0029,0.0167,0.04843076319,0.0009,0.0063,0.0003,-0.002267119009,0.0018,-0.0013,-0.0044,0.01253617276,-0.0066,0.0025,0.0012,0.002471147571,0.0017,0.0038,0.0001,0.001899378723,0.0075,-0.0026,-0.001,-0.01610824652,0.0029,-0.0034,0.0001,0.01331113465,0.0048,0.0022,0,-0.009810815565,-0.007,-0.0036,0.0059,0.0116887996,0.0154,-0.0037,-0.0014,-0.01600918733,0.0051,0.0069,-0.0073,0.02059818245,0.0051,0.0069,-0.0073,0.02059818245,0.0051,0.0069,-0.0073,0.03745318204,0.0232,0.0009,-0.0111,-0.02718401328,-0.0085,0.0001,-0.0047
-0.04432624206,-0.028,-0.0006,-0.0192,0.01548383199,-0.0018,-0.0001,0.0059,-0.04916341975,-0.0159,-0.0017,-0.0016,-0.01476187911,0.0015,0.0027,-0.0013,0.02382908389,0.0158,0.006,0.004,-0.002843576483,0.0012,-0.0014,-0.0003,0,-0.0103,0,-0.0008,0.007389174774,-0.0031,-0.0018,-0.0008,0.009908021428,0.005,0.0033,0.0049,0.02603894286,0.0112,-0.005,-0.0005,0.00726321945,-0.0033,0.0069,-0.0009,-0.00276468019,-0.0033,0.0069,-0.0009,-0.00276468019,-0.0033,0.0069,-0.0009,-0.05595668033,-0.0126,0.0058,0.0143,-0.01749145985,-0.0079,0.004,-0.0044
-0.02782933228,0.0054,-0.008,-0.0032,-0.0218550656,-0.0247,-0.0056,0.0041,-0.0104279723,-0.0015,0.0012,0.0024,-0.0285210833,0.007,0.0004,0.0007,-0.01524876244,-0.0005,-0.0025,-0.0021,0.007604555227,0.0018,0.0017,0.0005,0.0203012079,0.0145,0.0045,-0.0014,0.003259980585,0.0012,0.0034,-0.003,-0.00700773485,-0.0131,0.0052,-0.0027,-0.01714286394,-0.0125,-0.002,0.0002,-0.004614936654,-0.0155,0.0064,0.0033,0.003049642779,-0.0155,0.0064,0.0033,0.003049642779,-0.0155,0.0064,0.0033,0.001912045875,-0.007,-0.016,0.0141,0.01194093004,-0.0019,0.0028,0
0.01145046204,0.0046,0.0103,0.0074,-0.003897155635,0.0144,0.0001,-0.0043,0.003512620227,0.0006,-0.0024,-0.0022,0.007965260185,-0.0002,-0.0065,-0.0006,-0.03015491739,0.0016,-0.0027,-0.0009,-0.01320757903,-0.0001,-0.0026,0.001,-0.03273428977,-0.0144,0.0005,-0.004,0.006498774979,0.0067,0.0039,0.0052,-0.009174317122,0.0048,0.0015,0.0007,-0.01094390173,-0.011,-0.0041,-0.003,-0.01622711122,-0.017,0.0009,0.0012,-0.0105030695,-0.017,0.0009,0.0012,-0.0105030695,-0.017,0.0009,0.0012,0.0229007639,-0.0129,0.0016,0.0089,-0.02789099328,-0.006,0.003,-0.0052
-0.0207547415,0.0003,-0.0103,-0.0051,-0.02529997937,-0.0148,-0.0024,-0.0043,-0.006563098636,0.0107,-0.0002,-0.0024,-0.02912142873,-0.0082,-0.0084,0.0041,0.005042052362,0.0025,-0.0014,0.0046,-0.004780132789,-0.0072,-0.0034,-0.0025,0.04844064265,0.0032,0.0035,0.0029,-0.01614211127,0.003,0.0021,-0.0016,-0.005714280065,-0.0055,-0.0031,-0.0014,0.002939110855,-0.0118,0.01,-0.0003,-0.00706926873,0.0137,-0.0099,-0.0013,-0.006983240601,0.0137,-0.0099,-0.0013,-0.006983240601,0.0137,-0.0099,-0.0013,0.02425373159,0.0064,0.0011,-0.0077,-0.005738294683,-0.0108,-0.0098,0.0059
0.04431599379,0.0207,0.0117,0.0065,-0.02622423321,-0.0008,0.0012,-0.0081,-0.03171104565,-0.0032,0.0009,0.0042,0.006100703496,-0.0081,-0.0032,-0.0002,-0.006688956637,0.0015,-0.0037,-0.0032,0.02401537076,0.0053,0.0036,0.0015,0.006329077762,0.017,0.0016,0.0024,0.01476622745,-0.0038,-0.0036,0.003,-0.02083333023,-0.0138,0.0008,-0.0024,-0.003447628813,0.007,0.0117,-0.0048,0.006229578517,0.0119,-0.0042,0.0023,0.007313703187,0.0119,-0.0042,0.0023,0.007313703187,0.0119,-0.0042,0.0023,0.02003642917,-0.0023,-0.0024,0.0034,0.01753609255,0.0136,0.0046,-0.0012
0.04243542627,0.0024,-0.0025,-0.0049,0.0005496141384,0.0107,0.003,-0.0032,-0.02387998626,-0.0014,0.0059,0.0017,-0.01819103584,-0.0032,-0.0004,0.0021,-0.01346800011,-0.0075,-0.0061,-0.0006,-0.007504683454,-0.0011,-0.0009,0.0001,-0.03018865176,-0.003,-0.0033,0.0009,0.0008084259462,0.0068,0.0036,0.0026,-0.009537792765,0.0089,0.0017,0.0021,0.009859880432,0.0106,-0.0038,0.0024,-0.008549443446,0.0026,-0.0029,-0.0011,-0.02820447087,0.0026,-0.0029,-0.0011,-0.02820447087,0.0026,-0.0029,-0.0011,-0.03392857313,-0.0217,-0.0012,0.0159,0.07264393568,0.0011,-0.0066,-0.0054
0.02300886996,0.0217,-0.0043,0.0136,-0.02526773326,-0.0036,0.0033,-0.0045,0.0542870909,0.0018,0.0012,0.0055,-0.01904276013,0.0055,-0.0047,-0.0003,0.01023889799,0.0075,0.006,-0.0007,0.0283554066,0.0026,0.0048,-0.0023,0.01037612464,-0.0046,-0.0025,0.0022,0.009693044238,0.0037,0.0037,0.0018,0.02814815752,0.013,-0.0046,0.0007,-0.00008566406177,0.0036,0.0068,0.0011,0.01724644564,-0.0012,0,0.0023,0.01264374889,-0.0012,0,0.0023,0.01264374889,-0.0012,0,0.0023,-0.01478743088,-0.0039,-0.0025,0.0036,0.0002034194913,0.0042,-0.0096,0.0057
-0.03287198022,-0.0005,-0.0081,-0.0007,-0.001408933429,0.0005,0.0042,0.0015,-0.006629817188,0.0008,0.0034,-0.0074,0.002623355016,-0.0013,0.0001,0.0014,-0.01013512537,-0.0009,-0.004,-0.0036,-0.00275732833,0.0007,0.0027,0.0017,-0.008985901251,-0.0124,-0.0105,0.0042,0.005599975586,0.0012,-0.0015,0.0001,0.007204569876,0.0007,0.0066,0.002,-0.01167382486,0.0005,0.0079,-0.0043,0,0.005,-0.0052,0.0018,-0.002553920262,0.005,-0.0052,0.0018,-0.002553920262,0.005,-0.0052,0.0018,-0.01688555256,-0.0144,-0.0009,0.0089,0.03090688214,0.0158,0.0045,0.0042
0.04830053076,0.0052,0.0032,0.0032,-0.008182763122,-0.0002,-0.0023,-0.0041,-0.008676293306,0.001,0.0013,-0.0039,-0.004709584173,0.0071,0.0021,-0.0009,-0.005119489506,-0.005,-0.0029,0.0009,0.01198148914,0.0074,0.005,-0.004,0.02007774822,0.0155,-0.0006,0.0028,-0.05489256978,-0.0219,-0.0051,-0.0031,-0.002145903651,-0.0104,0.0001,-0.0057,0.01389611326,0.0037,-0.0048,-0.0035,0.02660040557,0.0048,0.0035,0.0004,0.03072540462,0.0048,0.0035,0.0004,0.03072540462,0.0048,0.0035,0.0004,-0.01717557199,-0.0177,-0.0008,0.0093,-0.002761329059,-0.0047,0.0052,-0.0077
-0.02218431979,-0.0112,-0.0088,-0.0076,-0.01365585625,0.0112,0.0014,0.0033,-0.005386034027,0.0053,0.0001,-0.0031,0.006834866479,-0.0057,-0.004,0.0012,0.01543741953,0.0127,0.0068,0.0033,-0.02094713598,-0.0003,-0.0045,-0.002,0.01650795154,0.0096,0.0081,0.0004,-0.01599331014,-0.0078,-0.0116,0.0042,-0.005734761711,-0.0082,0.0001,-0.0004,0.02278571017,0.017,-0.0026,0.0027,-0.02363320254,0.0033,-0.0029,0.0008,-0.02373725176,0.0033,-0.0029,0.0008,-0.02373725176,0.0033,-0.0029,0.0008,-0.05242718384,-0.0283,0.006,0.0126,-0.008109173737,0.0043,0.0058,-0.0004
0.01570683345,0.0061,0.0035,-0.0005,0.01672921516,0.007,0.0085,-0.0006,0.009476578794,0.0062,0.0048,-0.0043,0.006266362499,0.003,0.0047,-0.0013,-0.01858110353,0.0016,-0.0031,0.005,0.01302328799,0.0059,0.0022,0.0011,0.001249247813,-0.0027,-0.0024,0.0028,0.005988079589,0.0004,0.0072,-0.0035,0.007930761203,0.0147,0.0009,0.0034,0.001004984253,-0.0009,0.0047,-0.0007,0.001749710063,-0.0049,0.002,0.0008,-0.01498441584,-0.0049,0.002,0.0008,-0.01498441584,-0.0049,0.002,0.0008,-0.02049180306,0.0388,-0.0059,-0.0223,-0.0193419978,-0.0121,0.0065,0.002
0.03436422721,0.0154,0.0131,0.0015,0.008510616608,-0.006,-0.001,-0.0021,0.01274027023,0.0027,0.0041,0.004,-0.008822007105,-0.0122,-0.0047,0.0018,-0.0877796486,-0.0005,-0.0066,0.0026,-0.0247934293,-0.0062,-0.0128,0.0034,0.02432934381,0.0115,0.0083,-0.0001,0.002550997538,0.0122,0.0101,0.0025,-0.007868358865,-0.0059,-0.0022,-0.0057,0.00953821186,-0.0067,0.0009,0.0002,-0.00291116396,-0.0116,-0.0025,0.0081,-0.01119401213,-0.0116,-0.0025,0.0081,-0.01119401213,-0.0116,-0.0025,0.0081,0.01673640124,0.0024,-0.002,-0.0043,-0.01464012265,-0.0139,-0.0006,-0.0082
-0.004983423743,0.0014,-0.0021,-0.0006,-0.01744019613,-0.0088,-0.0022,-0.0035,-0.03067762405,-0.0081,0.0008,-0.0098,0.03821986914,0.0005,0.0001,-0.0008,-0.0301887393,-0.0039,-0.0038,-0.0066,-0.0122410655,-0.0082,-0.0068,0.0072,-0.001218054676,0.0043,-0.0009,-0.0015,0.003392702434,0.0042,-0.0044,0.0024,-0.006488835905,0.0074,-0.0008,0.0011,-0.01176865399,-0.0053,0.0024,-0.0056,0.00905113481,0.0021,-0.0039,0.0016,-0.006386102177,0.0021,-0.0039,0.0016,-0.006386102177,0.0021,-0.0039,0.0016,-0.04526748881,-0.0195,0.0011,0.0071,0.03611226007,0.0098,0.0025,0.0004
-0.03672784567,-0.0013,-0.0047,0.0044,0.03063268587,0.0064,-0.0007,-0.005,0.008879854344,0.0028,-0.0006,0.0012,-0.02319712937,-0.0015,-0.0041,0.0011,-0.02334628254,0.0056,0.0092,-0.0004,0.01620591804,0.0046,-0.0039,-0.0012,-0.006097584497,0.0001,0.0007,-0.0025,-0.009763304144,-0.0158,-0.003,-0.0005,0.005805509631,0.008,0.0037,-0.0008,0.005367321428,-0.0018,-0.0038,0.0032,-0.007523209788,-0.0172,0.0011,0.0068,-0.004966350272,-0.0172,0.0011,0.0068,-0.004966350272,-0.0172,0.0011,0.0068,-0.03663793206,-0.0084,-0.0036,0.0069,-0.0577573739,-0.013,-0.0079,0.0005
-0.03812821209,-0.0139,-0.0077,-0.006,-0.004444440361,0.0056,0.002,0.011,-0.01060711406,-0.0007,0.0015,-0.0091,-0.004646367859,0.0007,0.0007,0.0016,-0.04282871634,0.0015,-0.0046,-0.0064,0.006566575728,-0.0049,-0.006,-0.0002,-0.007361898199,0.0025,0.0022,-0.0006,-0.01195562258,0.0028,0.0032,-0.0028,-0.01226551831,-0.0128,0.0016,0.0015,0.01601606421,0.0025,0.0046,0.0016,-0.009912541136,-0.0006,0.0043,-0.0051,-0.03024082631,-0.0006,0.0043,-0.0051,-0.03024082631,-0.0006,0.0043,-0.0051,0.06487695873,0.0366,-0.0049,-0.023,-0.01690980792,0.0125,-0.0046,0.01
-0.01441448648,-0.0033,0.0022,-0.0044,-0.0005580484867,-0.0098,-0.0041,0.0053,-0.005474491045,-0.0016,0.0003,0.0039,0.002074637217,0.0019,0.0049,0.0015,0.07388138026,0.0014,-0.0021,0.0038,0.008387712762,0.0012,-0.0021,-0.0038,0.006180493161,-0.0037,-0.0033,-0.0003,0.01815039292,0.0176,0.0045,-0.0005,-0.01168735232,-0.0245,0.0002,0.0041,-0.004926158581,-0.0138,0.0034,0.004,0.01707897149,0.0044,-0.0038,0.0004,0.03542240337,0.0044,-0.0038,0.0004,0.03542240337,0.0044,-0.0038,0.0004,0.01680672355,0.0092,0.0051,-0.0118,-0.01075037662,0.0149,0.0016,0.0048
0.01645341143,0.013,0.0041,-0.001,0.02205474302,0.0088,0.0038,0.0035,0.05183491483,0.0108,-0.0011,0.0064,-0.003623172641,-0.0031,-0.0002,0.0001,0.005813994445,0.0028,-0.0062,-0.0011,-0.01016632747,0.0046,0.0001,-0.0013,0.006756676827,0.0015,0.0025,-0.0001,0.001697831787,-0.0067,0.0028,-0.0055,-0.003695505671,0.0013,0.0022,-0.0006,0.001485151122,0.0015,-0.0007,-0.0036,-0.001158104045,0.0023,0.0016,-0.0014,-0.01783627458,0.0023,0.0016,-0.0014,-0.01783627458,0.0023,0.0016,-0.0014,-0.02685950324,0.0003,0.0065,-0.0051,0.02064770274,-0.0035,-0.0008,-0.0023
0,-0.0009,-0.001,-0.0047,0.02977328934,-0.0026,-0.0003,-0.0012,0.009376369417,0.0044,0.0024,0.0073,-0.01298701297,-0.0056,0.0046,0.0017,-0.01734106988,-0.0055,-0.0102,0.0016,0.0102707427,-0.0032,-0.0096,0.0102,0.01403303631,0.008,-0.0006,-0.0051,-0.002542350208,-0.0096,-0.0074,0.0009,-0.01261121128,-0.0119,0.001,-0.0066,-0.04794859141,-0.0006,0.0075,0.0045,0.007246376947,-0.003,0.0053,0.0045,0.004167888779,-0.003,0.0053,0.0045,0.004167888779,-0.003,0.0053,0.0045,0.00424628472,-0.0012,-0.0096,0.0115,-0.01746166311,0.011,0.0048,-0.0009
0.04316551238,0.0047,-0.0043,0.0011,-0.001856755815,-0.0046,0.0003,0.0015,0.01533806603,0.0011,0.003,0.0036,0.01052635629,0.0021,0.0013,0.0019,0.01764708944,0.0064,-0.0023,0.0006,0.004621089902,0.0032,-0.0063,0.0036,0.005415056832,0.0027,-0.0002,-0.0015,0.07561592013,0.0097,0.0044,0.0069,0.003005256178,0.0096,-0.0002,0.0081,-0.01349946018,-0.0254,0.0051,-0.0048,-0.01928052306,-0.0075,0.0055,0.0012,-0.009487094358,-0.0075,0.0055,0.0012,-0.009487094358,-0.0075,0.0055,0.0012,-0.01691331901,-0.0252,-0.0014,0.0194,-0.01365411934,-0.002,0.0008,0.0036
0.001724095084,-0.0174,-0.0054,-0.008,0.006377832964,0.0058,0.0029,0.008,-0.01723407209,-0.0012,-0.0004,-0.0007,-0.003125071293,-0.0066,-0.0057,-0.0009,-0.01637765579,-0.0046,-0.0125,-0.0006,-0.02207909524,-0.0121,-0.004,0.0019,0.002393831033,-0.001,-0.0033,0.0007,-0.02764608525,-0.0017,-0.0026,0.0033,-0.02846442722,0.0092,-0.0074,-0.0015,-0.004912259057,-0.0209,0.0022,-0.0022,0.02171355113,0.0021,0,0.0021,-0.00718352804,0.0021,0,0.0021,-0.00718352804,0.0021,0,0.0021,0.02580645122,0,0.0101,-0.0053,-0.02329153195,-0.0046,-0.0037,0.0012
0.03958692402,0.0028,-0.0038,0.0074,0.007921817712,-0.0006,-0.0026,0.0028,-0.00411341479,0.0019,0.0029,0.0014,-0.00208981242,0.0065,0.0037,-0.0026,-0.01860916615,-0.004,0.0046,0.0028,0.01881465688,0.0112,0.005,-0.0045,-0.01791040227,-0.0049,-0.0064,-0.0014,0.01543457154,-0.0193,-0.0075,-0.0032,0.005397046451,0.0077,0.0081,0.0037,0.01533848606,0.0267,-0.0068,0.0002,-0.02096495032,-0.0163,0.0056,0.0028,-0.02140485682,-0.0163,0.0056,0.0028,-0.02140485682,-0.0163,0.0056,0.0028,0.05450733751,0.0091,-0.0112,0.0109,0.01957252994,0.0105,-0.0031,-0.0072
0.04139072821,0.0128,0.0062,-0.003,-0.01152734179,-0.0038,-0.0051,0.0019,-0.01499996986,0.0024,0.0039,0.002,-0.01204186026,-0.0031,-0.0005,0.0036,-0.01097810455,-0.0162,-0.0031,-0.0036,-0.01108032186,-0.0025,-0.0024,0.0005,-0.02127661742,0.0011,-0.0036,-0.0001,0.01760002226,0.0069,-0.0033,0.0014,-0.011503038,-0.0033,0.0031,-0.0013,-0.01562773995,-0.0187,-0.0022,0.0036,0.01232027449,0.0071,0.0004,-0.006,0.02649416588,0.0071,0.0004,-0.006,0.02649416588,0.0071,0.0004,-0.006,0.07157057524,0.0074,-0.0164,0.0184,-0.007502209861,0.0003,-0.0009,-0.0033
0.07949125767,0.0018,0.0104,-0.0035,0.03074476123,0.0052,0.0056,0.0004,-0.02052527666,0.0015,-0.0029,0.0039,0.009538865648,0.011,0.0072,-0.0004,0.007063541561,0.008,0.003,0.0028,0.006535919383,0.0053,0.0026,-0.0031,0.02049688995,0.0106,0.0067,-0.0012,-0.02515728399,-0.0059,0.0011,-0.0041,0.01706743985,0.0071,0.0078,-0.0013,-0.007761485875,-0.0035,0.0012,0.0063,-0.01332944352,-0.0122,-0.0019,0.0068,-0.03571424633,-0.0122,-0.0019,0.0068,-0.03571424633,-0.0122,-0.0019,0.0068,-0.02782931365,0.0275,0.0069,-0.017,-0.003779416904,0.01,0.0015,-0.0006
0.01178202126,-0.0086,-0.0027,-0.0031,-0.01774231531,-0.013,-0.006,0.0046,0.02343391255,0.0016,0.0022,0.0048,-0.05249344185,0.0013,-0.0006,0.0026,0,0.0107,0.0036,-0.0024,0.0463821888,0.0019,0.0016,-0.0077,0.006695107091,0.0043,0.0029,-0.0022,-0.001612863271,-0.0105,0.0028,-0.0016,-0.03051103279,-0.001,0,0.0005,0.0183110889,0.0141,-0.0031,-0.0022,-0.01908950694,0.0071,0.003,-0.0057,0.008403375745,0.0071,0.003,-0.0057,0.008403375745,0.0071,0.003,-0.0057,0.001908396953,-0.0048,-0.003,0.0061,-0.006918129046,0.0047,0.0017,-0.0031
0.0727802068,0.007,0.0156,0.0077,-0.02146596089,0.0006,-0.0024,0.0035,0.01915461943,-0.0028,0.001,0.0037,0.02603884973,-0.0036,-0.003,0.0001,-0.002003958449,0.0049,0.009,0.0016,-0.01949469373,0.0005,-0.0031,0.0003,-0.005441363435,0.006,0.0044,-0.0034,-0.02907913178,-0.0177,0.0064,-0.0012,0,0.0011,0.0019,-0.0022,-0.05132679269,-0.0229,-0.0014,0.0037,-0.0083833104,-0.0031,-0.0027,-0.0014,0.009876533411,-0.0031,-0.0027,-0.0014,0.009876533411,-0.0031,-0.0027,-0.0014,-0.001904761884,0.0105,0.0127,-0.0102,0.005842658691,0.0017,-0.0002,-0.0007
-0.01628221013,-0.0015,0.0053,-0.0027,0.04975924268,-0.0042,-0.0068,-0.0064,0.01663427241,0.0012,0.0043,0.0011,0.000539969129,0.0122,0.0029,-0.0045,-0.01506020222,-0.0007,-0.0021,-0.0007,0.03163626418,-0.0053,-0.0039,0.0017,-0.009726434015,0.0048,-0.0005,0.0002,-0.01414310094,0.0112,-0.0081,0.0059,0.006294250488,0.0111,0.0034,0.0046,0.02999633923,0.0124,-0.0005,0.0018,0.04136481881,0.0184,-0.0015,-0.0069,0.03545231745,0.0184,-0.0015,-0.0069,0.03545231745,0.0184,-0.0015,-0.0069,-0.03244274855,-0.0003,0.0104,-0.0091,0.01340487413,0.0003,0.0031,-0.008
-0.03724137694,-0.0097,0.0006,-0.0013,-0.01503568143,0.0001,-0.0039,0.0058,0.01359964628,-0.0025,0.0031,0.0058,0.01996756159,0.003,0.001,-0.0014,0.03567782044,0.0186,0.0008,0.0097,-0.02103416063,-0.0008,-0.0046,0.0027,0.01841615885,0.0031,-0.0025,0.0019,0.02953581512,0.0049,0.0054,0.002,0.009382320568,0.0053,-0.0018,0.0005,0.006968007423,0.0117,0.0033,-0.0031,-0.01681652106,-0.0042,0.003,-0.0044,-0.009740313515,-0.0042,0.003,-0.0044,-0.009740313515,-0.0042,0.003,-0.0044,0.03155818582,0.0013,-0.0075,0.0007,0.01435824391,-0.0001,0.0026,-0.0038
0.01002867799,0.0032,-0.0019,-0.0002,-0.001811117516,-0.0029,-0.0004,0.0016,-0.002515700879,0.0005,0.0038,0.0015,-0.02010577545,-0.004,-0.0011,-0.0009,-0.001968455268,-0.0023,-0.0063,-0.002,-0.009847776033,-0.0033,0.0072,-0.0068,-0.009644354694,0.0018,-0.0012,-0.0007,0.006557371002,0.0158,0.0099,-0.0024,0.01471731532,0.0074,0.0004,0.0031,0.008871540427,0.0075,0.0003,0.0047,-0.007667305414,-0.0146,0.0023,0.0077,-0.008643842302,-0.0146,0.0023,0.0077,-0.008643842302,-0.0146,0.0023,0.0077,0.00573613774,-0.0008,0.0021,0.0011,0.03310105577,0.0061,-0.0042,-0.0027
-0.001418472151,0.005,-0.0097,-0.001,0.01995844021,0.006,-0.0017,0.0005,-0.01534265094,0.0063,0.0139,0.0022,0.004319650121,0.0073,-0.0012,0.0011,0.0591715388,0.0067,0.0027,0.0052,0.001808273373,0.0012,0.0044,-0.0032,0.006695107091,-0.0101,-0.007,0.0023,0.00325732585,-0.0034,-0.0009,-0.0005,0.003053432098,0.0006,0.0036,-0.0038,-0.02761167288,-0.0219,0.0039,-0.0006,-0.03001492098,-0.0098,0.0085,0.0009,-0.0183402542,-0.0098,0.0085,0.0009,-0.0183402542,-0.0098,0.0085,0.0009,0,-0.0197,0.0022,0.0208,-0.005269814748,-0.0008,0.0004,-0.0037
0.09232956171,0.0043,0.0027,0.0049,0.03252865747,0.0025,0.0004,0.0094,0.01366068795,0.0013,0.0018,-0.0005,0.04838707671,0,0.0054,-0.0028,-0.04096830264,0.0006,-0.0028,0.0037,-0.03249094263,-0.0203,-0.0021,0.0049,-0.03385739774,0.0001,0.0026,0.0024,0.008116913959,0.0031,0.0015,-0.0044,0.01141549554,0.0132,-0.0008,-0.0067,-0.007958083414,0.003,-0.0014,-0.0051,-0.001225518296,-0.016,0.0036,0.0052,-0.01010725275,-0.016,0.0036,0.0052,-0.01010725275,-0.016,0.0036,0.0052,-0.01711026579,-0.0096,-0.0039,0.0092,0.01780038513,0.0032,-0.0004,0.0072
-0.007802333217,0.008,0.0064,0.0032,-0.0009845166933,-0.0016,-0.0003,-0.0012,0,0.0035,-0.0013,-0.0026,-0.02666668966,-0.0076,-0.002,0.0015,0.001941699418,0.0041,0.0052,-0.0004,0.008395536803,-0.0032,-0.0019,-0.0005,0.03254070505,-0.0043,0.0115,-0.0014,0.009661826305,0.0096,-0.0009,-0.0042,0.01279157866,0.0033,-0.0003,0.0021,-0.013126662,0.0177,0.004,-0.0012,0.002454044065,0.0042,-0.0044,0.004,-0.01021039393,0.0042,-0.0044,0.004,-0.01021039393,0.0042,-0.0044,0.004,-0.003868472064,-0.0269,-0.0056,0.0249,-0.02477615327,0.0002,0.0024,-0.005
-0.00524245901,-0.0048,0.0028,-0.0061,-0.01699922793,0.0002,-0.0014,-0.0031,0.005053650122,0.005,0.0085,0.0013,-0.00790303573,-0.0044,-0.0069,0.0047,0.004844979849,-0.0039,-0.0065,0.0029,0.004625276197,0.0074,0.0001,-0.0021,0.001212148927,0.0127,0.0052,0.0006,0.01116430201,0.0041,0.0043,-0.0002,0.001485847286,0.002,0.0049,0.0034,-0.01163866743,-0.0049,0.0092,-0.0031,-0.0003060629242,-0.0012,-0.0035,0.0056,0.009065302089,-0.0012,-0.0035,0.0056,0.009065302089,-0.0012,-0.0035,0.0056,0.05631067976,-0.0139,-0.001,0.0158,-0.01964137517,-0.0008,0.0066,-0.0049
0.03557312116,0.0019,0.0042,0.0071,-0.001754378201,0.0054,0.0005,-0.0018,0.05824426562,0.0026,-0.0004,-0.0004,0.01168344729,-0.0002,-0.0026,0.003,-0.01060748845,-0.001,0.003,-0.0041,-0.007366475649,-0.0084,0.0079,-0.0019,0.004237269517,0.0005,0.0004,-0.001,-0.007886465639,-0.0035,0.0003,-0.0022,-0.005934712477,-0.0041,0.0003,0.0009,0.02691586129,0.0084,-0.0022,0.0019,0.0009183530929,-0.0032,-0.0064,0.0049,-0.008983860724,-0.0032,-0.0064,0.0049,-0.008983860724,-0.0032,-0.0064,0.0049,0.01654411852,0.0266,-0.0002,-0.0195,-0.03048775718,-0.0036,-0.0022,0.002
-0.03053438291,-0.0118,0.0023,-0.0036,-0.003515018849,-0.0046,-0.0059,0.0022,0.00435559731,0.0005,-0.0027,-0.0045,0.002624732209,0.0072,0.0016,-0.0008,-0.01169589534,-0.0074,-0.0013,-0.0045,0.01298704557,0.0002,0.0039,0.0019,0.0006027865456,-0.003,-0.0022,0.0001,-0.005564363673,0.0074,0.0026,-0.0024,0.01865671761,0.003,-0.0003,0.0019,0.00236623711,-0.0037,0.0003,-0.0025,-0.02905200981,-0.0213,0.0027,0.0044,-0.02625820972,-0.0213,0.0027,0.0044,-0.02625820972,-0.0213,0.0027,0.0044,0.003616636619,0.006,0.0004,0.0005,0.01954175532,0.0062,0.0023,-0.0045
-0.001312303473,0.0068,0.0024,0.0019,-0.00932222046,-0.0023,-0.0085,0.0071,-0.003351038322,0.0055,-0.0034,0.0038,-0.0225131046,-0.0055,-0.0018,0.0025,0.004930891097,0.0039,0.0056,0.0036,0.01923077181,-0.0052,-0.0005,-0.0013,-0.004548188299,0.0012,0.0007,0.0004,0.02398082986,0.0079,0.0042,0.0006,0.009523818269,0.0054,0.0002,0.0096,-0.003268572735,0.0082,0.0008,-0.0003,-0.006299236789,-0.0183,0.003,-0.0043,-0.03210273013,-0.0183,0.003,-0.0043,-0.03210273013,-0.0183,0.003,-0.0043,-0.01081081107,-0.0167,-0.0063,0.0175,0.008592187427,-0.0043,-0.003,0.003
0.003942145966,0.0103,0.0015,0.0031,0.01500509027,-0.0033,-0.0096,0.0058,0.01463603321,-0.0008,-0.0006,-0.0025,-0.01446172781,-0.0078,-0.0011,0.0009,0.02257119864,0.0145,0.0046,-0.0021,0.02964958921,0.0113,-0.0021,-0.0015,-0.005447951145,-0.0049,-0.0006,0.0004,-0.01405154541,-0.0011,0.006,-0.0031,0.002177118091,0.0009,-0.0012,0.0027,0,0,0,0,-0.02313786186,0.0037,-0.0107,-0.0053,-0.01492533553,0.0037,-0.0107,-0.0053,-0.01492533553,0.0037,-0.0107,-0.0053,-0.007285974454,-0.0052,0.0074,0.0051,0,0,0,0