Longitude (x),Latitude (y),Station Name,Climate ID,Date/Time,Year,Month,Mean Max Temp (°C),Mean Max Temp Flag,Mean Min Temp (°C),Mean Min Temp Flag,Mean Temp (°C),Mean Temp Flag,Extr Max Temp (°C),Extr Max Temp Flag,Extr Min Temp (°C),Extr Min Temp Flag,Total Rain (mm),Total Rain Flag,Total Snow (cm),Total Snow Flag,Total Precip (mm),Total Precip Flag,Snow Grnd Last Day (cm),Snow Grnd Last Day Flag,Dir of Max Gust (10's deg),Dir of Max Gust Flag,Spd of Max Gust (km/h),Spd of Max Gust Flag
-68.52,48.45,RIMOUSKI,7056480,1954-01,1954,1,-9.8,,-19.1,,-14.5,,3.3,,-32.8,,0,,24.1,,24.1,,,,,,,
-68.52,48.45,RIMOUSKI,7056480,1954-02,1954,2,-1.8,,-10.5,,-6.2,,10.6,,-25.6,,1.5,,37.6,,39.1,,,,,,,
-68.52,48.45,RIMOUSKI,7056480,1954-03,1954,3,-0.4,,-8.2,,-4.3,,8.9,,-17.2,,10.4,,28.2,,38.6,,,,,,,
-68.52,48.45,RIMOUSKI,7056480,1954-04,1954,4,7,,-3.4,,1.8,,17.2,,-17.2,,,M,,M,,M,,,,,,
-68.52,48.45,RIMOUSKI,7056480,1954-05,1954,5,12.1,,4.1,,8.1,,22.2,,-0.6,,97.8,,0,,97.8,,,,,,,
-68.52,48.45,RIMOUSKI,7056480,1954-06,1954,6,18.8,,9.7,,14.3,,28.9,,5,,58.9,,0,,58.9,,,,,,,
-68.52,48.45,RIMOUSKI,7056480,1954-07,1954,7,19.8,,10.1,,15,,26.7,,4.4,,116.6,,0,,116.6,,,,,,,
-68.52,48.45,RIMOUSKI,7056480,1954-08,1954,8,21.2,,11.3,,16.3,,26.7,,7.2,S,152.4,,0,,152.4,,,,,,,
-68.52,48.45,RIMOUSKI,7056480,1954-09,1954,9,15.8,,7.4,,11.6,,23.3,S,1.7,,104.1,,0,,104.1,,,,,,,
-68.52,48.45,RIMOUSKI,7056480,1954-10,1954,10,10.4,,2.7,,6.6,,19.4,S,-7.8,,72.6,,0,,72.6,,,,,,,
-68.52,48.45,RIMOUSKI,7056480,1954-11,1954,11,3.4,,-2.7,,0.4,,12.2,,-7.8,S,74.2,,2.5,,76.7,,,,,,,
-68.52,48.45,RIMOUSKI,7056480,1954-12,1954,12,-2.7,,-10.1,,-6.4,,5,,-18.9,,9.4,,94,,103.4,,,,,,,
-68.52,48.45,RIMOUSKI,7056480,1955-01,1955,1,-7.3,,-13.5,,-10.4,,1.1,,-25,,0,,63.5,,63.5,,,,,,,
-68.52,48.45,RIMOUSKI,7056480,1955-02,1955,2,-4.8,,-14.4,,-9.6,,5.6,,-28.9,S,8.1,,34.3,,42.4,,,,,,,
-68.52,48.45,RIMOUSKI,7056480,1955-03,1955,3,-1.1,,-10.2,,-5.7,,7.2,,-20.6,,11.4,,68.6,,80,,,,,,,
-68.52,48.45,RIMOUSKI,7056480,1955-04,1955,4,7.9,,-1.8,,3.1,,13.9,,-15,,28.2,,3.8,,32,,,,,,,
-68.52,48.45,RIMOUSKI,7056480,1955-05,1955,5,12.7,,4.1,,8.4,,25.6,,-0.6,,61.5,,0,,61.5,,,,,,,
-68.52,48.45,RIMOUSKI,7056480,1955-06,1955,6,21,,10.3,,15.7,,32.2,,4.4,S,43.9,,0,,43.9,,,,,,,
-68.52,48.45,RIMOUSKI,7056480,1955-07,1955,7,25.2,,12.8,,19,,32.8,,7.2,,46.2,,0,,46.2,,,,,,,
-68.52,48.45,RIMOUSKI,7056480,1955-08,1955,8,22.7,,12.1,,17.4,,30,,6.1,S,69.1,,0,,69.1,,,,,,,
-68.52,48.45,RIMOUSKI,7056480,1955-09,1955,9,15.9,,6.2,,11.1,,27.2,,-1.1,,133.1,,0,,133.1,,,,,,,
-68.52,48.45,RIMOUSKI,7056480,1955-10,1955,10,10.2,,2.1,,6.2,,18.9,,-7.8,,19.3,,2.5,,21.8,,,,,,,
-68.52,48.45,RIMOUSKI,7056480,1955-11,1955,11,2.4,,-2.2,,0.1,,9.4,,-9.4,,25.4,,30.5,,55.9,,,,,,,
-68.52,48.45,RIMOUSKI,7056480,1955-12,1955,12,-6.3,,-12.7,,-9.5,,-1.1,S,-21.7,S,0,,43.9,,43.9,,,,,,,
-68.52,48.45,RIMOUSKI,7056480,1956-01,1956,1,-2.9,,-8.9,,-5.9,,4.4,,-22.2,,0,,44.5,,44.5,,,M,,,,
-68.52,48.45,RIMOUSKI,7056480,1956-02,1956,2,-5.8,,-14.5,,-10.2,,1.7,,-20.6,S,,M,,M,,M,0,,,,,
-68.52,48.45,RIMOUSKI,7056480,1956-03,1956,3,-2.1,,-12.3,,-7.2,,4.4,S,-21.1,,0,,37.3,,37.3,,0,,,,,
-68.52,48.45,RIMOUSKI,7056480,1956-04,1956,4,6.3,,-1.1,,2.6,,12.2,,-6.7,,33,,7.6,,40.6,,,M,,,,
-68.52,48.45,RIMOUSKI,7056480,1956-05,1956,5,11.2,,1.7,,6.5,,21.1,,-3.9,,53.8,,2,,55.9,,0,,,,,
-68.52,48.45,RIMOUSKI,7056480,1956-06,1956,6,18.8,,8.3,,13.6,,32.2,,2.8,,34,,0,,34,,0,,,,,
-68.52,48.45,RIMOUSKI,7056480,1956-07,1956,7,20.1,,11,,15.6,,26.7,,4.4,,70.4,,0,,70.4,,0,,,,,
-68.52,48.45,RIMOUSKI,7056480,1956-08,1956,8,19.8,,9.8,,14.8,,26.1,,5,,38.9,,0,,38.9,,0,,,,,
-68.52,48.45,RIMOUSKI,7056480,1956-09,1956,9,15.1,,5.4,,10.3,,22.8,,-1.1,S,55.4,,0,,55.4,,0,,,,,
-68.52,48.45,RIMOUSKI,7056480,1956-10,1956,10,10.8,,2.7,,6.8,,20,,-4.4,,38.9,,0,,38.9,,0,,,,,
-68.52,48.45,RIMOUSKI,7056480,1956-11,1956,11,3.2,,-4.4,,-0.6,,14.4,,-13.3,,4.6,,36.8,,41.4,,,M,,,,
-68.52,48.45,RIMOUSKI,7056480,1956-12,1956,12,-5.2,,-13.7,,-9.5,,5.6,S,-22.8,,6.4,,62.7,,69.1,,,M,,,,
-68.52,48.45,RIMOUSKI,7056480,1957-01,1957,1,-10.2,,-19.8,,-15,,8.3,,-31.7,,6.4,,14.7,,21.1,,,M,,,,
-68.52,48.45,RIMOUSKI,7056480,1957-02,1957,2,-4.6,,-11.9,,-8.3,,3.9,,-26.7,,0,,61,,61,,,M,,,,
-68.52,48.45,RIMOUSKI,7056480,1957-03,1957,3,1.2,,-7.9,,-3.4,,8.3,,-17.8,,0,,33,,33,,,M,,,,
-68.52,48.45,RIMOUSKI,7056480,1957-04,1957,4,6.2,,-2.9,,1.7,,16.1,S,-12.8,S,0.5,,43.2,,43.7,,,M,,,,
-68.52,48.45,RIMOUSKI,7056480,1957-05,1957,5,13.2,,2.1,,7.7,,20,S,-3.9,,9.7,,2.5,,12.2,,0,,,,,
-68.52,48.45,RIMOUSKI,7056480,1957-06,1957,6,18.8,,7.7,,13.3,,27.8,,2.2,S,80,,0,,80,,0,,,,,
-68.52,48.45,RIMOUSKI,7056480,1957-07,1957,7,21.3,,12,,16.7,,28.9,,6.1,,41.9,,0,,41.9,,0,,,,,
-68.52,48.45,RIMOUSKI,7056480,1957-08,1957,8,20.5,,9.3,,14.9,,27.8,,4.4,S,26.4,,0,,26.4,,0,,,,,
-68.52,48.45,RIMOUSKI,7056480,1957-09,1957,9,16.1,,7.9,,12,,23.3,,3.9,S,96.3,,0,,96.3,,0,,,,,
-68.52,48.45,RIMOUSKI,7056480,1957-10,1957,10,10.8,,3.7,,7.3,,20.6,,-3.3,,80.5,,0,,80.5,,,M,,,,
-68.52,48.45,RIMOUSKI,7056480,1957-11,1957,11,3.7,,-1.3,,1.2,,14.4,,-15,,47.5,,30.5,,78,,,M,,,,
-68.52,48.45,RIMOUSKI,7056480,1957-12,1957,12,0.1,,-9.7,,-4.8,,13.3,S,-22.2,,34.8,,47,,81.8,,,M,,,,
-68.52,48.45,RIMOUSKI,7056480,1958-01,1958,1,-3.6,,-11.1,,-7.4,,1.7,S,-20,S,0,,88.4,,88.4,,,,,,,
-68.52,48.45,RIMOUSKI,7056480,1958-02,1958,2,-5.4,,-13.1,,-9.3,,2.8,S,-23.3,,0,,91.4,,91.4,,,,,,,
-68.52,48.45,RIMOUSKI,7056480,1958-03,1958,3,3,,-3.9,,-0.5,,7.8,,-11.1,,14.7,,20.3,,35.1,,,,,,,
-68.52,48.45,RIMOUSKI,7056480,1958-04,1958,4,8.4,,0.1,,4.3,,20,,-5.6,,52.6,,7.6,,60.2,,,,,,,
-68.52,48.45,RIMOUSKI,7056480,1958-05,1958,5,13.4,,3.9,,8.7,,21.7,,-1.7,S,40.4,,0,,40.4,,,,,,,
-68.52,48.45,RIMOUSKI,7056480,1958-06,1958,6,16.9,,7.4,,12.2,,25.6,,2.2,,145,,0,,145,,,,,,,
-68.52,48.45,RIMOUSKI,7056480,1958-07,1958,7,22.4,,13.4,,17.9,,28.3,,8.9,S,86.9,,0,,86.9,,,,,,,
-68.52,48.45,RIMOUSKI,7056480,1958-08,1958,8,20.6,,11.4,,16,,27.8,,3.9,,141,,0,,141,,,,,,,
-68.52,48.45,RIMOUSKI,7056480,1958-09,1958,9,16.3,,7.8,,12.1,,26.7,,1.7,S,46,,0,,46,,,,,,,
-68.52,48.45,RIMOUSKI,7056480,1958-10,1958,10,8.7,,1.7,,5.2,,18.3,,-4.4,,52.8,,0,,52.8,,,,,,,
-68.52,48.45,RIMOUSKI,7056480,1958-11,1958,11,3.2,,-3.6,,-0.2,,12.2,,-13.9,,26.9,,25.4,,52.3,,,,,,,
-68.52,48.45,RIMOUSKI,7056480,1958-12,1958,12,-8.9,,-16.3,,-12.6,,1.1,,-25,,0,,54.1,,54.1,,,,,,,
-68.52,48.45,RIMOUSKI,7056480,1959-01,1959,1,-5.9,,-14.7,,-10.3,,10.6,,-22.8,,6.4,,95.5,,101.9,,,,,,,
-68.52,48.45,RIMOUSKI,7056480,1959-02,1959,2,-7.7,,-19,,-13.4,,1.7,,-26.7,,0,,35.1,,35.1,,,,,,,
-68.52,48.45,RIMOUSKI,7056480,1959-03,1959,3,-1.6,,-12.2,,-6.9,,10,,-20.6,,0,,63.5,,63.5,,,,,,,
-68.52,48.45,RIMOUSKI,7056480,1959-04,1959,4,7.2,,-1.1,,3.1,,13.9,,-6.7,,32.5,,7.6,,40.1,,,,,,,
-68.52,48.45,RIMOUSKI,7056480,1959-05,1959,5,16.1,,3.9,,10,,32.8,,-1.1,S,14.5,,0,,14.5,,,,,,,
-68.52,48.45,RIMOUSKI,7056480,1959-06,1959,6,19.6,,7.8,,13.7,,29.4,,3.9,,,M,0,,,M,,,,,,
-68.52,48.45,RIMOUSKI,7056480,1959-07,1959,7,26.3,,14.7,,20.5,,30.6,,7.8,,67.6,,0,,67.6,,,,,,,
-68.52,48.45,RIMOUSKI,7056480,1959-08,1959,8,19.9,,10.2,,15.1,,25.6,,1.1,,54.4,,0,,54.4,,,,,,,
-68.52,48.45,RIMOUSKI,7056480,1959-09,1959,9,19,,8.9,,14,,30.6,S,3.3,,54.6,,0,,54.6,,,,,,,
-68.52,48.45,RIMOUSKI,7056480,1959-10,1959,10,9.4,,2.9,,6.2,,20.6,,-4.4,,51.6,,0,,51.6,,,,,,,
-68.52,48.45,RIMOUSKI,7056480,1959-11,1959,11,2.5,,-4.2,,-0.9,,16.1,,-13.3,,66,,27.9,,94,,,,,,,
-68.52,48.45,RIMOUSKI,7056480,1959-12,1959,12,-3,,-10.3,,-6.7,,5.6,,-23.3,,16.8,,29.2,,46,,,,,,,
-68.52,48.45,RIMOUSKI,7056480,1960-01,1960,1,-6.4,,-14.7,,-10.6,,0,S,-28.9,,0,,50.8,,50.8,,,,,,,
-68.52,48.45,RIMOUSKI,7056480,1960-02,1960,2,-1.8,,-9.4,,-5.6,,3.3,,-22.8,,3.8,,86.4,,90.2,,,,,,,
-68.52,48.45,RIMOUSKI,7056480,1960-03,1960,3,-2.4,,-9.6,,-6,,3.3,,-16.7,,,M,,M,,M,,,,,,
-68.52,48.45,RIMOUSKI,7056480,1960-04,1960,4,5.8,,-2.9,,1.5,,11.1,S,-12.2,,29.7,,4.3,,34,,,,,,,
-68.52,48.45,RIMOUSKI,7056480,1960-05,1960,5,15.4,,5.8,,10.6,,25.6,,0,,49,,0,,49,,,,,,,
-68.52,48.45,RIMOUSKI,7056480,1960-06,1960,6,21.8,,10.6,,16.2,,31.7,,1.7,,,M,0,,,M,,,,,,
-68.52,48.45,RIMOUSKI,7056480,1960-07,1960,7,22.9,,11.7,E,17.3,E,28.9,,,M,,M,0,,,M,,,,,,
-68.52,48.45,RIMOUSKI,7056480,1960-08,1960,8,23.6,,10.8,,17.2,,30,,0,,,M,0,,,M,,,,,,
-68.52,48.45,RIMOUSKI,7056480,1960-09,1960,9,17.3,,7.1,,12.2,,24.4,,1.7,S,86.6,,0,,86.6,,,,,,,
-68.52,48.45,RIMOUSKI,7056480,1960-10,1960,10,9.7,,1.9,,5.8,,15.6,,-6.1,,27.4,,0,,27.4,,,,,,,
-68.52,48.45,RIMOUSKI,7056480,1960-11,1960,11,4.2,,-2.3,,1,,12.8,,-7.8,S,69.9,,5.1,,74.9,,,,,,,
-68.52,48.45,RIMOUSKI,7056480,1960-12,1960,12,-4,,-11.4,,-7.7,,7.8,,-22.8,,13.5,,45.7,,59.2,,,,,,,
-68.52,48.45,RIMOUSKI,7056480,1961-01,1961,1,-10.9,,-19.3,,-15.1,,-2.2,,-28.9,S,0,,43.2,,43.2,,,,,,,
-68.52,48.45,RIMOUSKI,7056480,1961-02,1961,2,-5.5,,-16.7,,-11.1,,1.7,,-24.4,S,0,,45.7,,45.7,,,,,,,
-68.52,48.45,RIMOUSKI,7056480,1961-03,1961,3,-1.2,,-10.6,,-5.9,,5.6,S,-23.3,,0,,50.8,,50.8,,,,,,,
-68.52,48.45,RIMOUSKI,7056480,1961-04,1961,4,5.9,,-1,,2.5,,11.7,,-6.7,S,,M,,M,,M,,,,,,
-68.52,48.45,RIMOUSKI,7056480,1961-05,1961,5,14.6,,4.2,,9.4,,26.1,S,-1.1,,63.8,,0,,63.8,,,,,,,
-68.52,48.45,RIMOUSKI,7056480,1961-06,1961,6,20.6,,9.2,,14.9,,26.7,S,3.3,,,M,0,,,M,,,,,,
-68.52,48.45,RIMOUSKI,7056480,1961-07,1961,7,21.3,,11.8,,16.6,,26.7,,,M,43.7,,0,,43.7,,,,,,,
-68.52,48.45,RIMOUSKI,7056480,1961-08,1961,8,22.3,,10.9,,16.6,,28.3,,4.4,S,85.3,,0,,85.3,,,,,,,
-68.52,48.45,RIMOUSKI,7056480,1961-09,1961,9,19.4,,8.8,,14.1,,27.2,,3.3,,79.8,,0,,79.8,,,,,,,
-68.52,48.45,RIMOUSKI,7056480,1961-10,1961,10,11.6,,3.6,,7.6,,22.2,,-4.4,S,43.4,,0,,43.4,,,,,,,
-68.52,48.45,RIMOUSKI,7056480,1961-11,1961,11,5.7,,-1.3,,2.2,,17.2,,-10,S,38.4,,7.6,,46,,,,,,,
-68.52,48.45,RIMOUSKI,7056480,1961-12,1961,12,-1.2,,-7.6,,-4.4,,7.8,,-21.1,,25.4,,25.4,,50.8,,,,,,,
-68.52,48.45,RIMOUSKI,7056480,1962-01,1962,1,-7.1,,-16.7,,-11.9,,6.7,,-24.4,S,,M,,M,,M,,M,,,,
-68.52,48.45,RIMOUSKI,7056480,1962-02,1962,2,-6.3,,-18.7,,-12.5,,0,,-28.9,S,0,,,M,,M,,M,,,,
-68.52,48.45,RIMOUSKI,7056480,1962-03,1962,3,4.1,,-6.6,,-1.3,,21.1,,-22.2,,2.5,,40.6,,43.2,,,M,,,,
-68.52,48.45,RIMOUSKI,7056480,1962-04,1962,4,7.8,,0,,3.9,,15.6,,-5.6,S,,M,,M,,M,,M,,,,
-68.52,48.45,RIMOUSKI,7056480,1962-05,1962,5,13.6,,4.3,,9,,23.9,S,-1.1,S,,M,0,,,M,0,,,,,
-68.52,48.45,RIMOUSKI,7056480,1962-06,1962,6,21.2,,10.7,,16,,29.4,S,5.6,S,68.3,,0,,68.3,,0,,,,,
-68.52,48.45,RIMOUSKI,7056480,1962-07,1962,7,19.8,,10.4,,15.1,,25.6,,5.6,,85.6,,0,,85.6,,0,,,,,
-68.52,48.45,RIMOUSKI,7056480,1962-08,1962,8,20.7,E,11.7,E,16.2,E,,M,,M,,M,,M,,M,,M,,,,
-68.52,48.45,RIMOUSKI,7056480,1962-09,1962,9,14.9,E,7.6,,11.3,E,26.7,,2.8,,,M,0,,,M,0,,,,,
-68.52,48.45,RIMOUSKI,7056480,1962-10,1962,10,9.3,E,2.8,,6.1,E,22.2,,-5.6,S,,M,,M,,M,,M,,,,
-68.52,48.45,RIMOUSKI,7056480,1962-11,1962,11,2.9,,-3.3,,-0.2,,7.2,S,-12.2,,52.6,,5.1,,57.7,,0,,,,,
-68.52,48.45,RIMOUSKI,7056480,1962-12,1962,12,-2.1,,-10.3,,-6.2,,8.3,,,M,4.8,,91.4,,96.3,,,M,,,,
-68.52,48.45,RIMOUSKI,7056480,1963-01,1963,1,-5.2,,-12.5,,-8.9,,4.4,S,-25,,0,,48.3,,48.3,,,M,,,,
-68.52,48.45,RIMOUSKI,7056480,1963-02,1963,2,-7.2,,-15.8,,-11.5,,-1.7,,-25.6,,0,,,M,,M,,M,,,,
-68.52,48.45,RIMOUSKI,7056480,1963-03,1963,3,0.5,,-10.8,,-5.2,,12.2,,-20.6,,1.5,,55.9,,57.4,,,M,,,,
-68.52,48.45,RIMOUSKI,7056480,1963-04,1963,4,6.8,,-0.1,,3.4,,18.9,,-10,S,50,,7.6,,57.7,,,M,,,,
-68.52,48.45,RIMOUSKI,7056480,1963-05,1963,5,16.3,,4.6,,10.5,,27.8,,-2.2,,42.2,,0,,42.2,,0,,,,,
-68.52,48.45,RIMOUSKI,7056480,1963-06,1963,6,21.8,,10.8,,16.3,,31.7,,5.6,S,88.6,,0,,88.6,,0,,,,,
-68.52,48.45,RIMOUSKI,7056480,1963-07,1963,7,22.9,,13.2,,18.1,,32.8,,7.8,,163.3,,0,,163.3,,0,,,,,
-68.52,48.45,RIMOUSKI,7056480,1963-08,1963,8,19.1,,11.2,,15.2,,26.7,,4.4,S,122.4,,0,,122.4,,0,,,,,
-68.52,48.45,RIMOUSKI,7056480,1963-09,1963,9,15.3,,6.3,,10.8,,22.8,,0,S,96.3,,0,,96.3,,0,,,,,
-68.52,48.45,RIMOUSKI,7056480,1963-10,1963,10,13,,3.3,,8.2,,23.9,,-4.4,,112.5,,10.2,,122.7,,,M,,,,
-68.52,48.45,RIMOUSKI,7056480,1963-11,1963,11,5,,-0.6,,2.2,,17.2,,-7.2,S,91.4,,0,,91.4,,0,,,,,
-68.52,48.45,RIMOUSKI,7056480,1963-12,1963,12,-7.9,,-14.3,,-11.1,,3.3,,-24.4,,0,,39.1,,39.1,,,M,,,,
-68.52,48.45,RIMOUSKI,7056480,1964-01,1964,1,-5.2,,-14.2,,-9.7,,2.2,S,-25,,3.8,,73.7,,77.5,,,M,,,,
-68.52,48.45,RIMOUSKI,7056480,1964-02,1964,2,-3.9,,-13.7,,-8.8,,3.9,,-23.3,,0,,35.6,,35.6,,,M,,,,
-68.52,48.45,RIMOUSKI,7056480,1964-03,1964,3,-0.8,,-10.4,,-5.6,,8.9,,-19.4,,1.3,,101.6,,102.9,,,M,,,,
-68.52,48.45,RIMOUSKI,7056480,1964-04,1964,4,7.8,,-1.4,,3.2,,17.2,,-13.3,,,M,,M,,M,0,,,,,
-68.52,48.45,RIMOUSKI,7056480,1964-05,1964,5,14.4,,3.9,,9.2,,25.6,,0,S,,M,0,,,M,0,,,,,
-68.52,48.45,RIMOUSKI,7056480,1964-06,1964,6,20.1,,8.3,,14.2,,29.4,,1.7,S,121.2,,0,,121.2,,0,,,,,
-68.52,48.45,RIMOUSKI,7056480,1964-07,1964,7,20.4,,11.1,,15.8,,26.7,,5.6,,147.3,,0,,147.3,,0,,,,,
-68.52,48.45,RIMOUSKI,7056480,1964-08,1964,8,19.8,,10.8,,15.3,,25.6,S,6.7,,62,,0,,62,,0,,,,,
-68.52,48.45,RIMOUSKI,7056480,1964-09,1964,9,16.6,,6.3,,11.5,,22.2,,0.6,,42.9,,0,,42.9,,0,,,,,
-68.52,48.45,RIMOUSKI,7056480,1964-10,1964,10,8.6,,0.6,,4.6,,20,,-5.6,,,M,,M,,M,0,,,,,
-68.52,48.45,RIMOUSKI,7056480,1964-11,1964,11,2.6,,-4.5,,-1,,11.7,,-15.6,S,,M,,M,,M,0,,,,,
-68.52,48.45,RIMOUSKI,7056480,1964-12,1964,12,-3.8,,-11.7,,-7.8,,11.7,S,-25,S,14.2,,91.4,,105.7,,,M,,,,
-68.52,48.45,RIMOUSKI,7056480,1965-01,1965,1,-7.6,,-16.9,,-12.3,,5,,-27.8,,6.1,,40.6,,46.7,,,M,,,,
-68.52,48.45,RIMOUSKI,7056480,1965-02,1965,2,-4.6,,-15.4,,-10,,7.8,,-22.2,,10.2,,36.1,E,46.2,E,,M,,,,
-68.52,48.45,RIMOUSKI,7056480,1965-03,1965,3,-2.8,,-7.8,,-5.3,,3.3,S,-16.1,,8.9,,15.2,,24.1,,,M,,,,
-68.52,48.45,RIMOUSKI,7056480,1965-04,1965,4,4.9,,-1.5,,1.7,,10,S,-9.4,,13.5,,5.1,,18.5,,0,,,,,
-68.52,48.45,RIMOUSKI,7056480,1965-05,1965,5,11,,3.4,,7.2,,26.7,,-1.7,,70.9,,0,,70.9,,0,,,,,
-68.52,48.45,RIMOUSKI,7056480,1965-06,1965,6,17.9,,9.9,,13.9,,32.8,S,3.3,,38.1,E,0,,38.1,E,0,,,,,
-68.52,48.45,RIMOUSKI,7056480,1965-07,1965,7,18.2,,10.3,,14.3,,28.9,,6.7,,77,,0,,77,,0,,,,,
-68.52,48.45,RIMOUSKI,7056480,1965-08,1965,8,19.4,,10.3,,14.9,,30,S,3.9,,78.2,,0,,78.2,,0,,,,,
-68.52,48.45,RIMOUSKI,7056480,1965-09,1965,9,15.4,,7.2,,11.3,,22.2,,-1.1,,66.3,,0,,66.3,,0,,,,,
-68.52,48.45,RIMOUSKI,7056480,1965-10,1965,10,8.6,,1.2,,4.9,,18.3,,-3.9,S,99.1,E,2.5,,101.6,E,0,,,,,
-68.52,48.45,RIMOUSKI,7056480,1965-11,1965,11,0.8,,-5.4,,-2.3,,7.2,S,-11.1,,25.9,,30.5,,56.4,,,M,,,,
-68.52,48.45,RIMOUSKI,7056480,1965-12,1965,12,-3.6,,-11.6,,-7.6,,4.4,S,-22.2,,3.8,,96.5,,100.3,,,M,,,,
-68.52,48.45,RIMOUSKI,7056480,1966-01,1966,1,-3.8,,-11.7,,-7.8,,4.4,,-20.6,,3.8,,129.5,,133.4,,,M,,,,
-68.52,48.45,RIMOUSKI,7056480,1966-02,1966,2,-2.8,,-10.6,,-6.7,,7.8,S,-26.1,S,8.9,,27.9,E,36.8,E,,M,,,,
-68.52,48.45,RIMOUSKI,7056480,1966-03,1966,3,2.5,,-4.2,,-0.9,,12.2,,-13.3,S,21.6,E,45.7,E,67.3,E,,M,,,,
-68.52,48.45,RIMOUSKI,7056480,1966-04,1966,4,6.6,,-0.7,,3,,18.3,,-9.4,,,M,,M,29.2,E,0,,,,,
-68.52,48.45,RIMOUSKI,7056480,1966-05,1966,5,12.6,,3.6,,8.1,,22.8,,-4.4,,,M,0,,,M,0,,,,,
-68.52,48.45,RIMOUSKI,7056480,1966-06,1966,6,21.2,,10.2,,15.7,,28.9,,3.3,,16,,0,,16,,0,,,,,
-68.52,48.45,RIMOUSKI,7056480,1966-07,1966,7,22.3,,11.1,,16.7,,30.6,,4.4,S,,M,0,,,M,0,,,,,
-68.52,48.45,RIMOUSKI,7056480,1966-08,1966,8,20.8,,10.3,,15.6,,23.9,S,4.4,,66.3,,0,,66.3,,0,,,,,
-68.52,48.45,RIMOUSKI,7056480,1966-09,1966,9,15,,5.8,,10.4,,25.6,S,-0.6,,91.7,,0,,91.7,,0,,,,,
-68.52,48.45,RIMOUSKI,7056480,1966-10,1966,10,10.4,,2.2,,6.3,,18.3,,-3.3,,110.7,,0,,110.7,,0,,,,,
-68.52,48.45,RIMOUSKI,7056480,1966-11,1966,11,5.6,,-1.4,,2.1,,21.1,,-10,,77.7,,17.8,,95.5,,0,,,,,
-68.52,48.45,RIMOUSKI,7056480,1966-12,1966,12,-2.9,,-9.9,,-6.4,,4.4,,-19.4,,11.2,E,84.8,E,96,E,,M,,,,
-68.52,48.45,RIMOUSKI,7056480,1967-01,1967,1,-6.3,,-14.2,,-10.3,,1.7,,-26.1,S,0,,70.6,,70.6,,,M,,,,
-68.52,48.45,RIMOUSKI,7056480,1967-02,1967,2,-8.2,,-18.4,,-13.3,,3.3,,-30,,0,,87.6,E,87.6,E,,M,,,,
-68.52,48.45,RIMOUSKI,7056480,1967-03,1967,3,-3.1,,-13.3,,-8.2,,9.4,,-20.6,S,0,,7.6,,7.6,,,M,,,,
-68.52,48.45,RIMOUSKI,7056480,1967-04,1967,4,4.4,,-3.7,,0.4,,10,,-13.9,S,,M,,M,,M,,M,,,,
-68.52,48.45,RIMOUSKI,7056480,1967-05,1967,5,9.9,,2,,6,,18.3,,-1.1,S,76.2,,7.6,,83.8,,0,,,,,
-68.52,48.45,RIMOUSKI,7056480,1967-06,1967,6,21.8,,10.3,,16.1,,32.2,,3.9,,59.7,E,0,,59.7,E,,M,,,,
-68.52,48.45,RIMOUSKI,7056480,1967-07,1967,7,24.9,,12.2,,18.6,,30,,,M,68.1,,0,,68.1,,0,,,,,
-68.52,48.45,RIMOUSKI,7056480,1967-08,1967,8,22.2,,12.6,,17.4,,29.4,,8.3,,72.1,,0,,72.1,,,M,,,,
-68.52,48.45,RIMOUSKI,7056480,1967-09,1967,9,17.9,,7.7,,12.8,,26.7,S,2.8,,76.7,,0,,76.7,,0,,,,,
-68.52,48.45,RIMOUSKI,7056480,1967-10,1967,10,10.1,,2.6,,6.4,,18.3,,-3.9,,69.1,,0,,69.1,,0,,,,,
-68.52,48.45,RIMOUSKI,7056480,1967-11,1967,11,3.4,,-3.9,,-0.3,,18.3,,-13.9,,43.2,,20.3,,63.5,,,M,,,,
-68.52,48.45,RIMOUSKI,7056480,1967-12,1967,12,-3.1,,-10.6,,-6.9,,6.7,,-20.6,,6.9,,55.9,,62.7,,,M,,,,
-68.52,48.45,RIMOUSKI,7056480,1968-01,1968,1,-9.9,,-18.2,,-14.1,,2.2,,-27.2,S,0,,71.1,,71.1,,,M,,,,
-68.52,48.45,RIMOUSKI,7056480,1968-02,1968,2,-7.6,,-15.9,,-11.8,,5.6,,-24.4,,11.4,E,35.6,E,47,E,,M,,,,
-68.52,48.45,RIMOUSKI,7056480,1968-03,1968,3,1.1,,-7.2,,-3.1,,11.7,,-20.6,,34.5,,71.1,,105.7,,,M,,,,
-68.52,48.45,RIMOUSKI,7056480,1968-04,1968,4,9.5,,0.2,,4.9,,18.3,,-7.2,,33.3,E,5.6,E,38.9,E,,M,,,,
-68.52,48.45,RIMOUSKI,7056480,1968-05,1968,5,14.5,,4.6,,9.6,,25,S,-2.8,,19.1,,0,,19.1,,0,,,,,
-68.52,48.45,RIMOUSKI,7056480,1968-06,1968,6,19.6,,8.3,,14,,26.7,S,1.1,,67.8,,0,,67.8,,0,,,,,
-68.52,48.45,RIMOUSKI,7056480,1968-07,1968,7,22.5,,12.4,E,17.5,E,31.7,,,M,47.5,E,0,,47.5,E,0,,,,,
-68.52,48.45,RIMOUSKI,7056480,1968-08,1968,8,18.6,,8.7,,13.7,,26.1,,5,,51.6,,0,,51.6,,0,,,,,
-68.52,48.45,RIMOUSKI,7056480,1968-09,1968,9,18.1,,8.4,,13.3,,23.3,S,2.2,,36.6,,0,,36.6,,0,,,,,
-68.52,48.45,RIMOUSKI,7056480,1968-10,1968,10,12.2,,3.3,,7.8,,24.4,,-1.1,S,68.1,,0,,68.1,,0,,,,,
-68.52,48.45,RIMOUSKI,7056480,1968-11,1968,11,1.5,,-2.4,,-0.5,,7.8,,-7.8,,14.2,,58.4,,72.6,,,M,,,,
-68.52,48.45,RIMOUSKI,7056480,1968-12,1968,12,-2.4,,-8.8,,-5.6,,3.9,S,-20.6,,0,,127,,127,,,M,,,,
-68.52,48.45,RIMOUSKI,7056480,1969-01,1969,1,-3.7,,-11.7,,-7.7,,1.7,,-21.1,,0,,99.1,,99.1,,,M,,,,
-68.52,48.45,RIMOUSKI,7056480,1969-02,1969,2,-3.6,,-11.4,,-7.5,,4.4,,-19.4,,0,,104.1,,104.1,,,M,,,,
-68.52,48.45,RIMOUSKI,7056480,1969-03,1969,3,-2.1,,-8.6,,-5.4,,4.4,,-17.8,S,0,,33,E,33,E,,M,,,,
-68.52,48.45,RIMOUSKI,7056480,1969-04,1969,4,3.3,,-4.8,,-0.8,,11.1,,-17.8,,11.9,,15.2,,27.2,,0,,,,,
-68.52,48.45,RIMOUSKI,7056480,1969-05,1969,5,11.5,E,3,E,7.3,E,19.4,,-3.3,,90.7,,0,,90.7,,0,,,,,
-68.52,48.45,RIMOUSKI,7056480,1969-06,1969,6,20.9,,9.1,,15,,28.3,,3.9,,23.4,,0,,23.4,,0,,,,,
-68.52,48.45,RIMOUSKI,7056480,1969-07,1969,7,22.1,,11.9,,17,,28.9,,8.3,S,49.3,,0,,49.3,,0,,,,,
-68.52,48.45,RIMOUSKI,7056480,1969-08,1969,8,22.5,,12.8,,17.7,,28.9,,5.6,S,87.6,,0,,87.6,,0,,,,,
-68.52,48.45,RIMOUSKI,7056480,1969-09,1969,9,15.6,,6.9,,11.3,,23.3,,0,,84.6,,0,,84.6,,0,,,,,
-68.52,48.45,RIMOUSKI,7056480,1969-10,1969,10,10.9,,2.2,,6.6,,23.3,,-6.7,,38.9,,5.1,,43.9,,0,,,,,
-68.52,48.45,RIMOUSKI,7056480,1969-11,1969,11,6,,-0.2,,2.9,,12.8,S,-10.6,,106.2,,12.7,E,118.9,E,,M,,,,
-68.52,48.45,RIMOUSKI,7056480,1969-12,1969,12,-2.3,,-8.8,,-5.6,,,M,-17.8,S,32,,55.9,,87.9,,,M,,,,
-68.52,48.45,RIMOUSKI,7056480,1970-01,1970,1,-10.6,,-17.5,,-14.1,,2.2,,-24.4,,0,,25.4,,25.4,,,M,,,,
-68.52,48.45,RIMOUSKI,7056480,1970-02,1970,2,-4.3,,-15.2,,-9.8,,6.7,,-24.4,S,12.7,,61,,73.7,,,M,,,,
-68.52,48.45,RIMOUSKI,7056480,1970-03,1970,3,0.9,,-8.1,,-3.6,,9.4,,-16.7,,0,,36.8,,36.8,,,M,,,,
-68.52,48.45,RIMOUSKI,7056480,1970-04,1970,4,6.6,,-2.1,,2.3,,16.7,,-9.4,S,27.9,,25.4,,53.3,,0,,,,,
-68.52,48.45,RIMOUSKI,7056480,1970-05,1970,5,14,,3.7,,8.9,,24.4,,-1.1,,78.7,E,5.1,,83.8,E,0,,,,,
-68.52,48.45,RIMOUSKI,7056480,1970-06,1970,6,20.6,,10.4,,15.5,,30.6,,4.4,,69.9,,0,,69.9,,0,,,,,
-68.52,48.45,RIMOUSKI,7056480,1970-07,1970,7,25.1,,13.1,,19.1,,31.1,S,5.6,,30.5,,0,,30.5,,0,,,,,
-68.52,48.45,RIMOUSKI,7056480,1970-08,1970,8,22.4,,12.6,,17.5,,31.7,,2.8,,60.7,,0,,60.7,,0,,,,,
-68.52,48.45,RIMOUSKI,7056480,1970-09,1970,9,14.2,,6.6,,10.4,,22.2,,0.6,,77,,0,,77,,0,,,,,
-68.52,48.45,RIMOUSKI,7056480,1970-10,1970,10,11.7,,3.1,,7.4,,21.7,,-5.6,,86.6,,15.2,,101.9,,0,,,,,
-68.52,48.45,RIMOUSKI,7056480,1970-11,1970,11,5.1,,-1.9,,1.6,,15.6,,-9.4,,36.6,,27.9,,64.5,,,M,,,,
-68.52,48.45,RIMOUSKI,7056480,1970-12,1970,12,-7.5,,-14.6,,-11.1,,4.4,,-30.6,,0,,73.7,,73.7,,,M,,,,
-68.52,48.45,RIMOUSKI,7056480,1971-01,1971,1,-9,,-17.1,,-13.1,,3.9,,-27.2,,10.2,,50.8,,61,,,M,,,,
-68.52,48.45,RIMOUSKI,7056480,1971-02,1971,2,-5.9,,-14.9,,-10.4,,4.4,,-29.4,,0,T,53.3,,53.3,,,M,,,,
-68.52,48.45,RIMOUSKI,7056480,1971-03,1971,3,0.1,,-7.4,,-3.7,,6.7,S,-16.7,,10.9,,101.6,,112.5,,,M,,,,
-68.52,48.45,RIMOUSKI,7056480,1971-04,1971,4,5.3,,-1.7,,1.8,,13.9,S,-7.2,,50.8,,38.1,,88.9,,,M,,,,
-68.52,48.45,RIMOUSKI,7056480,1971-05,1971,5,14.3,,4.4,,9.4,,28.9,,-0.6,,57.9,,0,,57.9,,0,,,,,
-68.52,48.45,RIMOUSKI,7056480,1971-06,1971,6,20.2,,9.4,,14.8,,31.7,,0.6,,31.8,E,0,,31.8,E,0,,,,,
-68.52,48.45,RIMOUSKI,7056480,1971-07,1971,7,23,,12.4,,17.7,,28.9,,5.6,,51.6,,0,,51.6,,0,,,,,
-68.52,48.45,RIMOUSKI,7056480,1971-08,1971,8,20.9,,11,,16,,28.3,,4.4,,172,,0,,172,,0,,,,,
-68.52,48.45,RIMOUSKI,7056480,1971-09,1971,9,17.4,,8.1,,12.8,,26.7,,0,,31.2,,0,,31.2,,0,,,,,
-68.52,48.45,RIMOUSKI,7056480,1971-10,1971,10,11.3,,3.9,,7.6,,21.1,,-3.9,,83.3,,0,,83.3,,0,,,,,
-68.52,48.45,RIMOUSKI,7056480,1971-11,1971,11,1.5,,-4.4,,-1.5,,11.1,,-11.7,,25.9,,76.2,,102.1,,,M,,,,
-68.52,48.45,RIMOUSKI,7056480,1971-12,1971,12,-6.8,E,-14.1,E,-10.5,E,5.6,,,M,0,,86.9,,86.9,,,M,,,,
-68.52,48.45,RIMOUSKI,7056480,1972-01,1972,1,-6.7,,-17.4,,-12.1,,7.2,,-31.7,,0,,18.8,,18.8,,,M,,,,
-68.52,48.45,RIMOUSKI,7056480,1972-02,1972,2,-8.6,,-17.2,,-12.9,,3.3,S,-27.8,,0,,78.5,E,78.5,E,,M,,,,
-68.52,48.45,RIMOUSKI,7056480,1972-03,1972,3,-3.3,,-12.6,,-8,,6.1,S,-23.9,,,M,,M,,M,,M,,,,
-68.52,48.45,RIMOUSKI,7056480,1972-04,1972,4,4.4,E,-4.4,,0,E,,M,-11.1,,2.8,,6.6,,9.4,,,M,,,,
-68.52,48.45,RIMOUSKI,7056480,1972-05,1972,5,,M,1.4,,,M,,M,-6.1,,,M,0,,,M,,M,,,,
-68.52,48.45,RIMOUSKI,7056480,1972-06,1972,6,,M,,M,,M,,M,,M,,M,,M,,M,,M,,,,
-68.52,48.45,RIMOUSKI,7056480,1972-07,1972,7,22.8,,12.3,,17.6,,29.4,,,M,71.1,E,0,,71.1,E,0,,,,,
-68.52,48.45,RIMOUSKI,7056480,1972-08,1972,8,19.4,,11,,15.2,,27.2,,7.8,S,69.6,,0,,69.6,,0,,,,,
-68.52,48.45,RIMOUSKI,7056480,1972-09,1972,9,16.4,,7.2,,11.8,,24.4,S,1.7,,177.3,,0,,177.3,,0,,,,,
-68.52,48.45,RIMOUSKI,7056480,1972-10,1972,10,7.5,,1.2,,4.4,,21.1,,-5.6,,110.2,,5.8,,116.1,,,M,,,,
-68.52,48.45,RIMOUSKI,7056480,1972-11,1972,11,0.7,,-5,,-2.2,,6.7,,-13.3,,32,,28.4,,60.5,,,M,,,,
-68.52,48.45,RIMOUSKI,7056480,1972-12,1972,12,-8.5,,-16.4,,-12.5,,5,,-26.1,,3,,93.2,,96.3,,,M,,,,
-68.52,48.45,RIMOUSKI,7056480,1973-01,1973,1,-7,,-14.7,,-10.9,,7.8,,-27.8,,42.4,,31,,73.4,,,M,,,,
-68.52,48.45,RIMOUSKI,7056480,1973-02,1973,2,-7.1,,-15,,-11.1,,5.6,S,-26.7,S,16.5,,83.8,,100.3,,,M,,,,
-68.52,48.45,RIMOUSKI,7056480,1973-03,1973,3,2,,-6,,-2,,12.8,,-21.1,,21.1,,14.2,,59.4,,,M,,,,
-68.52,48.45,RIMOUSKI,7056480,1973-04,1973,4,5.1,,-1,,2.1,,16.7,,-8.9,,79.2,,42.2,,128,,,M,,,,
-68.52,48.45,RIMOUSKI,7056480,1973-05,1973,5,11.7,,3.6,,7.7,,20.6,,-1.1,S,100.8,,0,,100.8,,0,,,,,
-68.52,48.45,RIMOUSKI,7056480,1973-06,1973,6,22.4,,12.2,,17.3,,28.9,S,3.9,,32,,0,,32,,0,,,,,
-68.52,48.45,RIMOUSKI,7056480,1973-07,1973,7,25.1,,15.9,,20.5,,30,S,12.2,,53.1,,0,,53.1,,0,,,,,
-68.52,48.45,RIMOUSKI,7056480,1973-08,1973,8,21.4,,12.1,,16.8,,28.3,,8.9,S,169.9,,0,,169.9,,0,,,,,
-68.52,48.45,RIMOUSKI,7056480,1973-09,1973,9,15.2,,7.7,,11.5,,26.1,,-0.6,,57.9,,0,,57.9,,0,,,,,
-68.52,48.45,RIMOUSKI,7056480,1973-10,1973,10,9.8,,2.9,,6.4,,20.6,S,-3.9,,78.5,,0,,78.5,,0,,,,,
-68.52,48.45,RIMOUSKI,7056480,1973-11,1973,11,1,,-3.4,,-1.2,,10,,-8.9,,29.5,,14.2,,43.7,,0,,,,,
-68.52,48.45,RIMOUSKI,7056480,1973-12,1973,12,-1.6,,-8.8,,-5.2,,7.8,,,M,58.7,,82,,140.7,,41,,,,,
-68.52,48.45,RIMOUSKI,7056480,1974-01,1974,1,-9.2,,-17.3,,-13.3,,5.6,,-25.6,S,5.3,,37.8,,43.2,,48,,,,,
-68.52,48.45,RIMOUSKI,7056480,1974-02,1974,2,-7.8,,-14.8,,-11.3,,2.8,,-23.3,,0,,25.9,,25.9,,66,,,,,
-68.52,48.45,RIMOUSKI,7056480,1974-03,1974,3,-2.1,,-10,,-6.1,,8.9,S,-20.6,,22.1,,38.4,,60.5,,46,,,,,
-68.52,48.45,RIMOUSKI,7056480,1974-04,1974,4,3.6,,-2.4,,0.6,,13.9,,-12.2,S,72.9,,11.4,,84.3,,0,,,,,
-68.52,48.45,RIMOUSKI,7056480,1974-05,1974,5,10.7,,2.3,,6.5,,21.7,,-7.2,,82.6,,1,,83.6,,0,,,,,
-68.52,48.45,RIMOUSKI,7056480,1974-06,1974,6,21.4,,11.3,,16.4,,27.8,,3.9,,40.6,,0,,40.6,,0,,,,,
-68.52,48.45,RIMOUSKI,7056480,1974-07,1974,7,21.9,,12.7,,17.3,,28.3,,7.2,,112.3,,0,,112.3,,0,,,,,
-68.52,48.45,RIMOUSKI,7056480,1974-08,1974,8,21.7,,12.3,,17,,31.7,,6.1,,50.5,,0,,50.5,,0,,,,,
-68.52,48.45,RIMOUSKI,7056480,1974-09,1974,9,14.4,,6.4,,10.4,,22.2,,0,,103.9,,0,,103.9,,0,,,,,
-68.52,48.45,RIMOUSKI,7056480,1974-10,1974,10,7.3,,0.6,,4,,17.2,,-3.3,S,57.4,,1.5,,58.9,,0,,,,,
-68.52,48.45,RIMOUSKI,7056480,1974-11,1974,11,2.2,,-2.4,,-0.1,,8.9,,-11.1,,27.4,,21.8,,49.3,,18,,,,,
-68.52,48.45,RIMOUSKI,7056480,1974-12,1974,12,-2.1,,-8.1,,-5.1,,11.1,,-15,,13.2,,28.4,,41.7,,38,,,,,
-68.52,48.45,RIMOUSKI,7056480,1975-01,1975,1,-7.3,,-14.9,,-11.1,,5,,-28.3,,9.7,,42.4,,52.1,,30,,,,,
-68.52,48.45,RIMOUSKI,7056480,1975-02,1975,2,-6.9,,-13.8,,-10.4,,4.4,,-25.6,S,3.3,,29,,32.3,,30,,,,,
-68.52,48.45,RIMOUSKI,7056480,1975-03,1975,3,-0.6,,-7.9,,-4.3,,10,,-17.8,,55.4,,39.9,,95.3,,18,,,,,
-68.52,48.45,RIMOUSKI,7056480,1975-04,1975,4,4.2,,-2.1,,1.1,,13.9,,-11.1,,18.3,,37.8,,56.1,,5,,,,,
-68.52,48.45,RIMOUSKI,7056480,1975-05,1975,5,15.1,,4.3,,9.7,,26.1,,-1.1,,46.7,,0,,46.7,,0,,,,,
-68.52,48.45,RIMOUSKI,7056480,1975-06,1975,6,22.2,,11.7,,17,,31.7,S,0,,49.3,,0,,49.3,,0,,,,,
-68.52,48.45,RIMOUSKI,7056480,1975-07,1975,7,25.2,,14.3,,19.8,,31.1,,9.4,,134.1,,0,,134.1,,0,,,,,
-68.52,48.45,RIMOUSKI,7056480,1975-08,1975,8,22.5,,11.9,,17.2,,33.9,,5.6,,52.3,,0,,52.3,,0,,,,,
-68.52,48.45,RIMOUSKI,7056480,1975-09,1975,9,15.9,,7.9,,11.9,,22.2,,2.2,,80.5,,0,,80.5,,0,,,,,
-68.52,48.45,RIMOUSKI,7056480,1975-10,1975,10,9.4,,2.6,,6,,20.6,,-2.2,,31.5,,0,,31.5,,0,,,,,
-68.52,48.45,RIMOUSKI,7056480,1975-11,1975,11,4.2,,-2.2,,1,,20,,-12.2,,59.9,,7.9,,67.8,,5,,,,,
-68.52,48.45,RIMOUSKI,7056480,1975-12,1975,12,-6.1,,-14,,-10.1,,8.9,,-25,,11.4,,50.8,,62.2,,13,,,,,
-68.52,48.45,RIMOUSKI,7056480,1976-01,1976,1,-9.1,,-17.4,,-13.3,,6.1,,-30,,21.6,,70.6,,92.2,,41,,,,,
-68.52,48.45,RIMOUSKI,7056480,1976-02,1976,2,,M,,M,,M,8.9,,-22.8,,,M,,M,,M,23,,,,,
-68.52,48.45,RIMOUSKI,7056480,1976-03,1976,3,-0.6,,-9.5,,-5.1,,13.9,S,-19.4,,27.2,,39.1,,66.3,,0,,,,,
-68.52,48.45,RIMOUSKI,7056480,1976-04,1976,4,5.8,,-1.1,,2.4,,13.9,,-11.7,,65.8,,9.4,,75.2,,0,,,,,
-68.52,48.45,RIMOUSKI,7056480,1976-05,1976,5,14.3,,4.7,,9.5,,26.1,S,-0.6,,94.5,,0,T,94.5,,0,,,,,
-68.52,48.45,RIMOUSKI,7056480,1976-06,1976,6,22.8,,11.8,,17.3,,30.6,S,3.9,S,63,,0,,63,,0,,,,,
-68.52,48.45,RIMOUSKI,7056480,1976-07,1976,7,22.4,,13.2,,17.8,,30.6,,8.3,S,59.4,,0,,59.4,,0,,,,,
-68.52,48.45,RIMOUSKI,7056480,1976-08,1976,8,22.1,,12.3,,17.2,,32.8,,6.1,S,103.9,,0,,103.9,,0,,,,,
-68.52,48.45,RIMOUSKI,7056480,1976-09,1976,9,14.8,,7,,10.9,,22.8,,1.7,,54.6,,0,,54.6,,0,,,,,
-68.52,48.45,RIMOUSKI,7056480,1976-10,1976,10,7.4,,1.3,,4.4,,21.1,,-5,,101.1,,36.3,,137.4,,0,,,,,
-68.52,48.45,RIMOUSKI,7056480,1976-11,1976,11,0,,-3.6,,-1.8,,5,,-12.2,,31,,36.3,,67.3,,3,,,,,
-68.52,48.45,RIMOUSKI,7056480,1976-12,1976,12,-7.6,,-16,,-11.8,,2.8,,-25.6,,9.7,,86.9,,96.5,,30,,,,,
-68.52,48.45,RIMOUSKI,7056480,1977-01,1977,1,-9.2,,-16.2,,-12.7,,-1.1,,-27.2,,0,,70.1,,70.1,,33,,,,,
-68.52,48.45,RIMOUSKI,7056480,1977-02,1977,2,-5.8,,-12.1,,-9,,3.9,,-22.8,,7.6,,93.8,,101.4,,71,,,,,
-68.52,48.45,RIMOUSKI,7056480,1977-03,1977,3,2.5,,-4.2,,-0.9,,11.1,,-12.2,,8.4,,49.9,,58.3,,40,,,,,
-68.52,48.45,RIMOUSKI,7056480,1977-04,1977,4,6,,-2.3,,1.9,,17.2,,-11.1,S,29.5,,12.7,,42.2,,0,,,,,
-68.52,48.45,RIMOUSKI,7056480,1977-05,1977,5,15.6,,5.3,,10.5,,31.7,,-2.2,,50.4,,0,,50.4,,0,,,,,
-68.52,48.45,RIMOUSKI,7056480,1977-06,1977,6,18.2,,9.5,,13.9,,29.4,,4.4,,109,,0,,109,,0,,,,,
-68.52,48.45,RIMOUSKI,7056480,1977-07,1977,7,22.3,,12.2,,17.3,,27.2,,5,,100.5,,0,,100.5,,0,,,,,
-68.52,48.45,RIMOUSKI,7056480,1977-08,1977,8,21.5,,11.8,,16.7,,32.2,,6.1,,87.4,,0,,87.4,,0,,,,,
-68.52,48.45,RIMOUSKI,7056480,1977-09,1977,9,14.4,,6.3,,10.4,,27.2,,-0.6,,59.7,,0,,59.7,,0,,,,,
-68.52,48.45,RIMOUSKI,7056480,1977-10,1977,10,9.8,,3.7,,6.8,,18.9,,-1.7,,110.9,,0,,110.9,,0,,,,,
-68.52,48.45,RIMOUSKI,7056480,1977-11,1977,11,5.7,,-1.4,,2.2,,20.6,,-11.1,,46.3,,34.1,,80.4,,0,,,,,
-68.52,48.45,RIMOUSKI,7056480,1977-12,1977,12,-4,,-9.8,,-6.9,,5.6,,-20.6,S,3,,51.5,,54.5,,15,,,,,
-68.52,48.45,RIMOUSKI,7056480,1978-01,1978,1,-7.6,,-14.6,,-11.1,,12.2,,-25,,16,,68.9,,84.9,,30,,,,,
-68.52,48.45,RIMOUSKI,7056480,1978-02,1978,2,-6,,-12.5,,-9.3,,0.6,,-23,,0,,20.1,,20.1,,27,,,,,
-68.52,48.45,RIMOUSKI,7056480,1978-03,1978,3,-2.4,,-10.8,,-6.6,,2.8,S,-22,,0,,86.3,,86.3,,55,,,,,
-68.52,48.45,RIMOUSKI,7056480,1978-04,1978,4,5.1,,-2.2,,1.5,,12.2,,-12.2,S,46.4,,38.5,,84.9,,0,,,,,
-68.52,48.45,RIMOUSKI,7056480,1978-05,1978,5,16,,5.1,,10.6,,25,,-3.3,,75.2,,1.8,,77,,0,,,,,
-68.52,48.45,RIMOUSKI,7056480,1978-06,1978,6,19.9,,9.9,,14.9,,27.8,,3.9,,77.7,,0,,77.7,,0,,,,,
-68.52,48.45,RIMOUSKI,7056480,1978-07,1978,7,23.3,,13.2,,18.3,,27.8,S,8.3,,52.7,,0,,52.7,,0,,,,,
-68.52,48.45,RIMOUSKI,7056480,1978-08,1978,8,22.7,,12.6,,17.7,,29.4,,6.7,,33.8,,0,,33.8,,0,,,,,
-68.52,48.45,RIMOUSKI,7056480,1978-09,1978,9,14.9,,6,,10.5,,22.8,S,1.1,,31.4,,0,,31.4,,0,,,,,
-68.52,48.45,RIMOUSKI,7056480,1978-10,1978,10,8.7,,1.8,,5.3,,15.6,S,-5,,61.7,,0.5,,62.2,,0,,,,,
-68.52,48.45,RIMOUSKI,7056480,1978-11,1978,11,2.4,,-4.9,,-1.3,,15.6,,-15,,25.5,,46.9,,72.4,,0,,,,,
-68.52,48.45,RIMOUSKI,7056480,1978-12,1978,12,-4.6,,-11,,-7.8,,3.3,,-20,,0,,151,,151,,55,,,,,
-68.52,48.45,RIMOUSKI,7056480,1979-01,1979,1,-6.7,,-12.6,,-9.7,,4.4,,-23.9,,23.4,,81.9,,105.6,,45,,,,,
-68.52,48.45,RIMOUSKI,7056480,1979-02,1979,2,-9.5,,-16.2,,-12.9,,4.4,,-27.2,S,0,,45.9,,45.9,,63,,,,,
-68.52,48.45,RIMOUSKI,7056480,1979-03,1979,3,3.1,,-4.6,,-0.8,,17.8,,-20,,74.7,,13.5,,88.2,,0,,,,,
-68.52,48.45,RIMOUSKI,7056480,1979-04,1979,4,7.3,,0.1,,3.7,,18.9,,-7,,21.4,,66.8,,88.2,,0,,,,,
-68.52,48.45,RIMOUSKI,7056480,1979-05,1979,5,15,,6.3,,10.7,,26.1,,0,,66.9,,0,,66.9,,0,,,,,
-68.52,48.45,RIMOUSKI,7056480,1979-06,1979,6,21.6,,10.8,,16.2,,28.9,,1,,110.6,,0,,110.6,,0,,,,,
-68.52,48.45,RIMOUSKI,7056480,1979-07,1979,7,24.6,,13.6,,19.1,,31.7,,7.2,,123.4,,0,,123.4,,0,,,,,
-68.52,48.45,RIMOUSKI,7056480,1979-08,1979,8,20.5,,11.6,,16.1,,28.9,,7.8,S,61.6,,0,,61.6,,0,,,,,
-68.52,48.45,RIMOUSKI,7056480,1979-09,1979,9,17,,7.6,,12.3,,27.8,,0.6,,121.4,,0,,121.4,,0,,,,,
-68.52,48.45,RIMOUSKI,7056480,1979-10,1979,10,10.6,,3.5,,7.1,,21.7,,-0.6,S,37.7,,0,,37.7,,0,,,,,
-68.52,48.45,RIMOUSKI,7056480,1979-11,1979,11,4,,-1,,1.5,,13.3,,-8.3,,41.6,,7.6,,49.2,,0,,,,,
-68.52,48.45,RIMOUSKI,7056480,1979-12,1979,12,-3.4,,-9.1,,-6.3,,7.2,,-21.7,,4.8,,38.2,,43,,0,,,,,
-68.52,48.45,RIMOUSKI,7056480,1980-01,1980,1,-6.1,,-13.1,,-9.6,,10,,-19.5,S,4.5,E,48.4,,52.9,E,2,,,,,
-68.52,48.45,RIMOUSKI,7056480,1980-02,1980,2,-6.4,,-13.9,,-10.2,,0.5,,-20,,0,,22.9,,22.9,,9,,,,,
-68.52,48.45,RIMOUSKI,7056480,1980-03,1980,3,0,,-8.2,,-4.1,,7,S,-17,,16.6,,73.4,,90,,0,,,,,
-68.52,48.45,RIMOUSKI,7056480,1980-04,1980,4,7.5,,-0.6,,3.5,,18,,-8.5,,46.7,,9,,55.7,,0,,,,,
-68.52,48.45,RIMOUSKI,7056480,1980-05,1980,5,14.4,,4.5,,9.5,,28.5,,0,S,55.3,,0,T,55.3,,0,,,,,
-68.52,48.45,RIMOUSKI,7056480,1980-06,1980,6,19.5,,8.4,,14,,28,,2.5,,84.5,,0,,84.5,,0,,,,,
-68.52,48.45,RIMOUSKI,7056480,1980-07,1980,7,21,,11.8,,16.4,,27.5,,7.5,,158.5,,0,,158.5,,0,,,,,
-68.52,48.45,RIMOUSKI,7056480,1980-08,1980,8,22.3,,12.8,,17.6,,29.5,,9,S,90.4,,0,,90.4,,0,,,,,
-68.52,48.45,RIMOUSKI,7056480,1980-09,1980,9,14.2,,7,,10.6,,24.5,,2,S,149.5,,0,,149.5,,0,,,,,
-68.52,48.45,RIMOUSKI,7056480,1980-10,1980,10,8.4,,1.6,,5,,21,,-6,,71.4,,0,,71.4,,0,,,,,
-68.52,48.45,RIMOUSKI,7056480,1980-11,1980,11,2,,-3.2,,-0.6,,11,,-8,,26.4,,24.2,,50.6,,1,,,,,
-68.52,48.45,RIMOUSKI,7056480,1980-12,1980,12,-8,,-15.5,,-11.8,,3,,-26.5,,17,,118.2,,135.2,,30,,,,,
-68.52,48.45,RIMOUSKI,7056480,1981-01,1981,1,-8.4,,-16.4,,-12.4,,3,,-30,,0,,95.5,,95.5,,46,,,,,
-68.52,48.45,RIMOUSKI,7056480,1981-02,1981,2,1.8,,-7.1,,-2.7,,12,,-21.5,,67.8,,29.6,,97.4,,4,,,,,
-68.52,48.45,RIMOUSKI,7056480,1981-03,1981,3,2.6,,-4.6,,-1,,11,,-12,,4.8,,42.8,,47.6,,1,,,,,
-68.52,48.45,RIMOUSKI,7056480,1981-04,1981,4,6.8,,-1.2,,2.8,,13,,-11,,69.4,,0.2,,69.6,,0,,,,,
-68.52,48.45,RIMOUSKI,7056480,1981-05,1981,5,14.7,,4.3,,9.5,,23.5,,-0.5,,132.2,,0,,132.2,,0,,,,,
-68.52,48.45,RIMOUSKI,7056480,1981-06,1981,6,20.2,,10.1,,15.2,,29.5,,5,,147.2,,0,,147.2,,0,,,,,
-68.52,48.45,RIMOUSKI,7056480,1981-07,1981,7,23.4,,13.2,,18.3,,28.5,S,9,,108.2,,0,,108.2,,0,,,,,
-68.52,48.45,RIMOUSKI,7056480,1981-08,1981,8,20.9,,11.9,,16.4,,28,,6,,197.4,,0,,197.4,,0,,,,,
-68.52,48.45,RIMOUSKI,7056480,1981-09,1981,9,15.9,,7.6,,11.8,,24,,2.5,,48.9,,0,,48.9,,0,,,,,
-68.52,48.45,RIMOUSKI,7056480,1981-10,1981,10,8.3,,2.4,,5.4,,18.5,,-5,,133.2,,0,,133.2,,0,,,,,
-68.52,48.45,RIMOUSKI,7056480,1981-11,1981,11,3.2,,-1.6,,0.8,,11.5,,-6.5,,29.8,,36.2,,66,,3,,,,,
-68.52,48.45,RIMOUSKI,7056480,1981-12,1981,12,-1.1,,-6.3,,-3.7,,5,,-17,,31.7,,65.2,,96.9,,30,,,,,
-68.52,48.45,RIMOUSKI,7056480,1982-01,1982,1,-10,,-18.4,,-14.2,,5,,-32,,5,,60.7,,65.7,,40,,,,,
-68.52,48.45,RIMOUSKI,7056480,1982-02,1982,2,-7.5,,-14.4,,-11,,2,,-22,,0,,36.4,,36.4,,35,,,,,
-68.52,48.45,RIMOUSKI,7056480,1982-03,1982,3,0.4,,-9.5,,-4.6,,11.5,,-22.5,,20.2,,33.2,,53.4,,0,,,,,
-68.52,48.45,RIMOUSKI,7056480,1982-04,1982,4,5.4,,-2.9,,1.3,,20,,-13,,43.6,,43.6,,87.2,,0,,,,,
-68.52,48.45,RIMOUSKI,7056480,1982-05,1982,5,13.6,,3.3,,8.5,,24,,-1.5,,41.6,,2.5,,44.1,,0,,,,,
-68.52,48.45,RIMOUSKI,7056480,1982-06,1982,6,19,,8.2,,13.6,,24,,2,,105.2,,0,,105.2,,0,,,,,
-68.52,48.45,RIMOUSKI,7056480,1982-07,1982,7,23.2,,12.4,,17.8,,30.5,,7,,61.7,,0,,61.7,,0,,,,,
-68.52,48.45,RIMOUSKI,7056480,1982-08,1982,8,19,,9.9,,14.5,,28.5,,3,,77.8,,0,,77.8,,0,,,,,
-68.52,48.45,RIMOUSKI,7056480,1982-09,1982,9,16.2,,7.6,,11.9,,26.5,,0,,92.9,,0,,92.9,,0,,,,,
-68.52,48.45,RIMOUSKI,7056480,1982-10,1982,10,11.4,,3.1,,7.3,,21,,-3,,45.9,,0,,45.9,,0,,,,,
-68.52,48.45,RIMOUSKI,7056480,1982-11,1982,11,4.3,,-2.2,,1.1,,16,,-13,,97.8,,8,,105.8,,0,T,,,,
-68.52,48.45,RIMOUSKI,7056480,1982-12,1982,12,-1.5,,-10.7,E,-6.1,E,12,S,-26,E,62.6,,28.1,,90.7,,5,,,,,
-68.52,48.45,RIMOUSKI,7056480,1983-01,1983,1,-4.8,,-13.2,,-9,,9.5,,-22.5,,15.2,,49,,64.2,,30,,,,,
-68.52,48.45,RIMOUSKI,7056480,1983-02,1983,2,-4.7,,-13.3,,-9,,9,,-25,,5.8,,43.6,,49.4,,40,,,,,
-68.52,48.45,RIMOUSKI,7056480,1983-03,1983,3,0.1,,-7,,-3.5,,7.5,,-16.5,,19.6,,63.5,,83.1,,60,,,,,
-68.52,48.45,RIMOUSKI,7056480,1983-04,1983,4,7.1,,-0.6,,3.3,,16.5,,-7.5,,89,,30,,119,,0,,,,,
-68.52,48.45,RIMOUSKI,7056480,1983-05,1983,5,10.8,,3.4,,7.1,,21,,-0.5,,150.2,,1.2,,151.4,,0,,,,,
-68.52,48.45,RIMOUSKI,7056480,1983-06,1983,6,21.9,,10.2,E,16.1,E,33,,3,E,39.4,,0,,39.4,,0,,,,,
-68.52,48.45,RIMOUSKI,7056480,1983-07,1983,7,23.1,,12.2,,17.7,,36,,8.5,S,43.4,,0,,43.4,,0,,,,,
-68.52,48.45,RIMOUSKI,7056480,1983-08,1983,8,22.5,,12.7,,17.6,,30.5,,7,,36.7,,0,,36.7,,0,,,,,
-68.52,48.45,RIMOUSKI,7056480,1983-09,1983,9,18.3,,8.8,,13.6,,29.5,,4.5,,91.4,,0,,91.4,,0,,,,,
-68.52,48.45,RIMOUSKI,7056480,1983-10,1983,10,10.6,,3.8,,7.2,,24,,-3,,40.3,,0,,40.3,,0,,,,,
-68.52,48.45,RIMOUSKI,7056480,1983-11,1983,11,2.8,,-2.6,,0.1,,13.5,,-9,,76.8,,59.8,,136.6,,38,,,,,
-68.52,48.45,RIMOUSKI,7056480,1983-12,1983,12,-5.7,,-13.1,E,-9.4,E,3.5,,-26,E,15,,151.7,,166.7,,78,,,,,
-68.52,48.45,RIMOUSKI,7056480,1984-01,1984,1,-9.3,,-17,E,-13.2,E,3.5,,-33,,0,T,32.4,,32.4,,80,,,,,
-68.52,48.45,RIMOUSKI,7056480,1984-02,1984,2,-1.7,,-9,,-5.4,,8,,-25,,12,,40.2,,52.2,,83,,,,,
-68.52,48.45,RIMOUSKI,7056480,1984-03,1984,3,-3.5,E,-10.8,E,-7.2,E,8,,-21,S,11,,47.2,,58.2,,90,,,,,
-68.52,48.45,RIMOUSKI,7056480,1984-04,1984,4,6.5,E,-1.8,E,2.4,E,16.5,,-7.5,S,47.1,E,3.2,E,50.3,E,0,,,,,
-68.52,48.45,RIMOUSKI,7056480,1984-05,1984,5,13.2,E,4.4,E,8.8,E,25.5,,0,S,116.4,E,1.4,,117.8,E,0,,,,,
-68.52,48.45,RIMOUSKI,7056480,1984-06,1984,6,19.3,E,8.7,E,14,E,26,,4,,48.2,E,0,E,48.2,E,0,,,,,
-68.52,48.45,RIMOUSKI,7056480,1984-07,1984,7,23.9,,13.7,,18.8,,28,S,9,,86,,0,,86,,0,,,,,
-68.52,48.45,RIMOUSKI,7056480,1984-08,1984,8,22.6,,13,,17.8,,29,,9,,99.5,,0,,99.5,,0,,,,,
-68.52,48.45,RIMOUSKI,7056480,1984-09,1984,9,15.9,,7.7,,11.8,,25,,1.5,S,50.3,,0,,50.3,,0,,,,,
-68.52,48.45,RIMOUSKI,7056480,1984-10,1984,10,10.2,,2.4,,6.3,,19,,-3,S,45.1,,0,,45.1,,0,,,,,
-68.52,48.45,RIMOUSKI,7056480,1984-11,1984,11,3.6,,-1.9,,0.9,,12,,-10,,115.3,E,11,,126.3,E,0,T,,,,
-68.52,48.45,RIMOUSKI,7056480,1984-12,1984,12,-3.5,,-10.6,,-7.1,,10,,-25.5,,3.5,,29.1,,32.6,,6,,,,,
-68.52,48.45,RIMOUSKI,7056480,1985-01,1985,1,-9.9,,-16.3,,-13.1,,-5.5,S,-24,,0,,21.9,,21.9,,21,,,,,
-68.52,48.45,RIMOUSKI,7056480,1985-02,1985,2,-3.7,,-11.7,,-7.7,,3.5,S,-27,,3.8,,60,,63.8,,47,,,,,
-68.52,48.45,RIMOUSKI,7056480,1985-03,1985,3,-0.6,E,-8.5,E,-4.6,E,9,,-22.5,,7.4,E,16.9,,24.3,E,24,,,,,
-68.52,48.45,RIMOUSKI,7056480,1985-04,1985,4,6,E,-2.7,E,1.7,E,16,,-11.5,,9.6,,1,,10.6,,0,,,,,
-68.52,48.45,RIMOUSKI,7056480,1985-05,1985,5,13.6,,3.9,,8.8,,22,,-2.5,,93.2,,0,,93.2,,0,,,,,
-68.52,48.45,RIMOUSKI,7056480,1985-06,1985,6,19.2,E,8.9,E,14.1,E,24.5,,4,,76.3,E,0,,76.3,E,0,,,,,
-68.52,48.45,RIMOUSKI,7056480,1985-07,1985,7,23.5,,13.9,,18.7,,30.5,,9.5,S,113.9,,0,,113.9,,0,,,,,
-68.52,48.45,RIMOUSKI,7056480,1985-08,1985,8,21.6,,12.7,,17.2,,27.5,,7.5,S,79,,0,,79,,0,,,,,
-68.52,48.45,RIMOUSKI,7056480,1985-09,1985,9,17.8,,9,,13.4,,25.5,,4,,74.5,,0,,74.5,,0,,,,,
-68.52,48.45,RIMOUSKI,7056480,1985-10,1985,10,10.6,,3.6,,7.1,,18,,-2,,53,,0,,53,,0,,,,,
-68.52,48.45,RIMOUSKI,7056480,1985-11,1985,11,1.4,,-3.9,,-1.3,,12.5,,-12,,,M,24.1,,,M,0,T,,,,
-68.52,48.45,RIMOUSKI,7056480,1985-12,1985,12,-5.5,,-12.5,,-9,,6.5,,-21.5,,18.9,,28.9,,47.8,,12,,,,,
-68.52,48.45,RIMOUSKI,7056480,1986-01,1986,1,-6.5,E,-14.7,E,-10.6,E,12,,-26.5,,,M,,M,,M,20,,,,,
-68.52,48.45,RIMOUSKI,7056480,1986-02,1986,2,-6.4,E,-14.1,E,-10.3,E,2.5,,-23,,0,E,29.1,E,29.1,E,35,E,,,,
-68.52,48.45,RIMOUSKI,7056480,1986-03,1986,3,0.5,E,-9.1,E,-4.3,E,17,,-20.5,,,M,32.1,E,,M,0,T,,,,
-68.52,48.45,RIMOUSKI,7056480,1986-04,1986,4,8.9,E,0,E,4.5,E,20,,-7.5,,,M,32.1,,,M,0,,,,,
-68.52,48.45,RIMOUSKI,7056480,1986-05,1986,5,15.6,E,5.3,E,10.5,E,26.5,,-2,,111.7,E,0,,111.7,E,0,,,,,
-68.52,48.45,RIMOUSKI,7056480,1986-06,1986,6,18.7,E,7.9,E,13.3,E,28,,3.5,,147.1,,0,,147.1,,0,,,,,
-68.52,48.45,RIMOUSKI,7056480,1986-07,1986,7,21.2,,12,,16.6,,32,,9,S,98.2,,0,,98.2,,0,,,,,
-68.52,48.45,RIMOUSKI,7056480,1986-08,1986,8,19.2,,10.7,,15,,25,,5.5,,104.7,,0,,104.7,,0,,,,,
-68.52,48.45,RIMOUSKI,7056480,1986-09,1986,9,14,,6,,10,,21,,1.5,,106.7,,0,,106.7,,0,,,,,
-68.52,48.45,RIMOUSKI,7056480,1986-10,1986,10,8.3,E,1.5,,4.9,E,14.5,,-5,,61.4,,2,,63.4,,0,,,,,
-68.52,48.45,RIMOUSKI,7056480,1986-11,1986,11,1,,-5.9,,-2.5,,10,,-15,S,13.1,,33.4,,46.5,,11,,,,,
-68.52,48.45,RIMOUSKI,7056480,1986-12,1986,12,-3.2,E,-10.6,E,-6.9,E,3.5,,-23,,,M,27,,,M,17,,,,,
-68.52,48.45,RIMOUSKI,7056480,1987-01,1987,1,-6.7,,-13.6,E,-10.2,E,0,,-27.5,,0,,43.4,,43.4,,35,,,,,
-68.52,48.45,RIMOUSKI,7056480,1987-02,1987,2,,M,,M,,M,,M,,M,,M,,M,,M,,M,,,,
-68.52,48.45,RIMOUSKI,7056480,1987-03,1987,3,,M,,M,,M,,M,,M,,M,,M,,M,0,,,,,
-68.52,48.45,RIMOUSKI,7056480,1987-04,1987,4,11,E,1,E,6,E,29,,-4,S,34.5,,2.5,,37,,0,,,,,
-68.52,48.45,RIMOUSKI,7056480,1987-05,1987,5,14.8,E,4.5,E,9.7,E,26.5,,-3,E,50.7,,0,,50.7,,0,,,,,
-68.52,48.45,RIMOUSKI,7056480,1987-06,1987,6,20.5,E,9.7,,15.1,E,25.5,,6,S,133.1,E,0,,133.1,E,0,,,,,
-68.52,48.45,RIMOUSKI,7056480,1987-07,1987,7,23.7,E,13.8,E,18.8,E,32,S,10,S,54.8,,0,,54.8,,0,,,,,
-68.52,48.45,RIMOUSKI,7056480,1987-08,1987,8,21,,10.4,,15.7,,27,,4,,54.9,,0,,54.9,,0,,,,,
-68.52,48.45,RIMOUSKI,7056480,1987-09,1987,9,17,E,7.3,,12.2,E,25,S,1.5,,79.3,E,0,,79.3,E,0,,,,,
-68.52,48.45,RIMOUSKI,7056480,1987-10,1987,10,,M,,M,,M,,M,,M,,M,,M,,M,,M,,,,
-68.52,48.45,RIMOUSKI,7056480,1987-11,1987,11,2.9,E,-4,,-0.6,E,16.5,,-11,,72.5,,15,,87.5,,,M,,,,
-68.52,48.45,RIMOUSKI,7056480,1987-12,1987,12,-3.3,E,-9.3,E,-6.3,E,2.5,S,-19,,18.9,,64,E,82.9,E,,M,,,,
-68.52,48.45,RIMOUSKI,7056480,1988-01,1988,1,-5,E,-13.6,E,-9.3,E,5,,-27.5,,,M,91.9,,,M,,M,,,,
-68.52,48.45,RIMOUSKI,7056480,1988-02,1988,2,-5.5,,-16.1,,-10.8,,6,,-24,S,1.9,E,115.4,,117.3,E,,M,,,,
-68.52,48.45,RIMOUSKI,7056480,1988-03,1988,3,0.8,,-8.8,,-4,,10,,-18,S,1.2,,29.9,,31.1,,,M,,,,
-68.52,48.45,RIMOUSKI,7056480,1988-04,1988,4,6.7,,-0.7,,3,,12,S,-6,,69,,3.8,,72.8,,0,,,,,
-68.52,48.45,RIMOUSKI,7056480,1988-05,1988,5,16.8,,5.2,,11,,26,,0.5,,58.2,,0,,58.2,,0,,,,,
-68.52,48.45,RIMOUSKI,7056480,1988-06,1988,6,19.4,,9,,14.2,,30.5,,2,,121.6,,0,,121.6,,0,,,,,
-68.52,48.45,RIMOUSKI,7056480,1988-07,1988,7,23.7,,12.7,,18.2,,33.5,,6,,53.6,,0,,53.6,,0,,,,,
-68.52,48.45,RIMOUSKI,7056480,1988-08,1988,8,21.4,,11.1,,16.3,,30,,3,,91.1,,0,,91.1,,0,,,,,
-68.52,48.45,RIMOUSKI,7056480,1988-09,1988,9,15.7,,7.1,,11.4,,23,,2.5,,94.8,,0,,94.8,,0,,,,,
-68.52,48.45,RIMOUSKI,7056480,1988-10,1988,10,9,E,1.5,E,5.3,E,23,,-5.5,,112.8,,4.9,,117.7,,0,,,,,
-68.52,48.45,RIMOUSKI,7056480,1988-11,1988,11,4,,-1.3,,1.4,,10.5,S,-8.5,,50,,29.8,,79.8,,0,T,,,,
-68.52,48.45,RIMOUSKI,7056480,1988-12,1988,12,-5.4,E,-12.9,E,-9.2,E,5,,-21,,0,,,M,,M,99,,,,,
-68.52,48.45,RIMOUSKI,7056480,1989-01,1989,1,-6,E,-15.7,,-10.9,E,4.5,,-26,,1,,94.7,,95.7,,,M,,,,
-68.52,48.45,RIMOUSKI,7056480,1989-02,1989,2,-7.2,,-15.3,,-11.3,,3,,-24,S,0,,40.8,,40.8,,,M,,,,
-68.52,48.45,RIMOUSKI,7056480,1989-03,1989,3,-1.8,,-10.3,,-6.1,,10,,-25.5,,,M,31.7,,,M,,M,,,,
-68.52,48.45,RIMOUSKI,7056480,1989-04,1989,4,7.1,,-0.3,,3.4,,16.5,,-5,,,M,11.8,,,M,0,,,,,
-68.52,48.45,RIMOUSKI,7056480,1989-05,1989,5,15.9,,5.9,,10.9,,28,,2.5,,94.5,,0,,94.5,,0,,,,,
-68.52,48.45,RIMOUSKI,7056480,1989-06,1989,6,19.9,,9.8,,14.9,,28,,3.5,,62.1,,0,,62.1,,0,,,,,
-68.52,48.45,RIMOUSKI,7056480,1989-07,1989,7,24.6,E,13,E,18.8,E,32,,6.5,,37.2,,0,,37.2,,0,,,,,
-68.52,48.45,RIMOUSKI,7056480,1989-08,1989,8,22.2,E,13,E,17.6,E,28,,6,,75,,0,,75,,0,,,,,
-68.52,48.45,RIMOUSKI,7056480,1989-09,1989,9,18.7,E,9.8,E,14.3,E,27,E,2,B,40.1,,0,T,40.1,,0,,,,,
-68.52,48.45,RIMOUSKI,7056480,1989-10,1989,10,10.8,,,M,,M,20.5,,,M,91,,0,,91,,0,,,,,
-68.52,48.45,RIMOUSKI,7056480,1989-11,1989,11,1,,-5.2,,-2.1,,20,,-16,,32.5,,31.2,,63.7,,18,,,,,
-68.52,48.45,RIMOUSKI,7056480,1989-12,1989,12,-9.8,,-17.3,,-13.6,,2.5,,-24.5,,0,,50.6,,50.6,,30,,,,,
-68.52,48.45,RIMOUSKI,7056480,1990-01,1990,1,-3.7,E,-13.4,E,-8.6,E,5.5,S,-23,,25,,62.8,,87.8,,49,,,,,
-68.52,48.45,RIMOUSKI,7056480,1990-02,1990,2,-6.5,E,-17.2,E,-11.9,E,7.5,,-26.5,,3,,45.8,E,48.8,E,60,,,,,
-68.52,48.45,RIMOUSKI,7056480,1990-03,1990,3,0.8,,-9.4,,-4.3,,7.5,,-24.5,,15,,21.1,,36.1,,16,,,,,
-68.52,48.45,RIMOUSKI,7056480,1990-04,1990,4,7.8,,-0.4,,3.7,,20.5,,-6,,30.1,,9,,39.1,,0,,,,,
-68.52,48.45,RIMOUSKI,7056480,1990-05,1990,5,14.2,,3.9,,9.1,,25.5,,-0.5,,119.8,,0,T,119.8,,0,,,,,
-68.52,48.45,RIMOUSKI,7056480,1990-06,1990,6,22.3,,10.8,,16.6,,29.5,,6,S,53.7,,0,,53.7,,0,,,,,
-68.52,48.45,RIMOUSKI,7056480,1990-07,1990,7,24,,12.2,E,18.1,E,30,,6,,61.6,,0,,61.6,,0,,,,,
-68.52,48.45,RIMOUSKI,7056480,1990-08,1990,8,24.1,E,13.3,,18.7,E,30.5,,6.5,,83.6,,0,,83.6,,0,,,,,
-68.52,48.45,RIMOUSKI,7056480,1990-09,1990,9,17.2,E,7.9,E,12.6,E,28,,1.5,,92.4,,0,,92.4,,0,,,,,
-68.52,48.45,RIMOUSKI,7056480,1990-10,1990,10,9.9,E,2.5,,6.2,E,19.5,,-3.5,,135.5,,0,T,135.5,,0,,,,,
-68.52,48.45,RIMOUSKI,7056480,1990-11,1990,11,1.7,,-3.5,,-0.9,,7,,-10,,18.6,,63,,81.6,,9,,,,,
-68.52,48.45,RIMOUSKI,7056480,1990-12,1990,12,-1.6,,-10.6,,-6.1,,5,,-22.5,,19.2,,114.6,,133.8,,40,,,,,
-68.52,48.45,RIMOUSKI,7056480,1991-01,1991,1,-9.5,E,-19.9,,-14.7,E,0,,-29,S,0,,53.6,,53.6,,57,,,,,
-68.52,48.45,RIMOUSKI,7056480,1991-02,1991,2,-3.8,,-13.7,,-8.8,,5.5,,-23.5,,0,,19.8,,19.8,,65,,,,,
-68.52,48.45,RIMOUSKI,7056480,1991-03,1991,3,0.8,,-7,,-3.1,,9,,-12.5,,43.2,,68.4,E,111.6,E,54,,,,,
-68.52,48.45,RIMOUSKI,7056480,1991-04,1991,4,7.7,,-0.8,,3.5,,16.5,,-7,,33.2,,13.8,,47,,0,,,,,
-68.52,48.45,RIMOUSKI,7056480,1991-05,1991,5,14.8,,5.5,,10.2,,25,,0,,100.1,,0,,100.1,,0,,,,,
-68.52,48.45,RIMOUSKI,7056480,1991-06,1991,6,21.5,,10.7,,16.2,,31,,5,,23.9,,0,,23.9,,0,,,,,
-68.52,48.45,RIMOUSKI,7056480,1991-07,1991,7,23.8,,13,,18.4,,33,,8,,80.8,,0,,80.8,,0,,,,,
-68.52,48.45,RIMOUSKI,7056480,1991-08,1991,8,23,,12.8,,17.9,,31,,6,,111.2,,0,,111.2,,0,,,,,
-68.52,48.45,RIMOUSKI,7056480,1991-09,1991,9,15.3,,7.5,,11.4,,25,,1.5,,55.6,,0,,55.6,,0,,,,,
-68.52,48.45,RIMOUSKI,7056480,1991-10,1991,10,10.5,E,3.1,E,6.8,E,22,,-4,B,157.1,E,10,,167.1,E,0,,,,,
-68.52,48.45,RIMOUSKI,7056480,1991-11,1991,11,3.9,,-1.9,E,1,E,10.5,,-9,,41.2,,9.6,,50.8,,0,T,,,,
-68.52,48.45,RIMOUSKI,7056480,1991-12,1991,12,-5.4,E,-13.8,E,-9.6,E,8.5,,-23,,7,,58.2,I,65.2,I,24,,,,,
-68.52,48.45,RIMOUSKI,7056480,1992-01,1992,1,-8.2,E,-16.2,E,-12.3,E,4,E,-27,,57.1,E,44.1,I,101.2,I,53,,,,,
-68.52,48.45,RIMOUSKI,7056480,1992-02,1992,2,-8.1,E,-16.8,,-12.5,E,0,,-26,,0,,30.7,I,30.7,I,85,,,,,
-68.52,48.45,RIMOUSKI,7056480,1992-03,1992,3,-2,E,-10.8,E,-6.4,E,8,S,-25.5,,42.3,,7.8,,50.1,,30,,,,,
-68.52,48.45,RIMOUSKI,7056480,1992-04,1992,4,5.9,,-2.1,E,1.9,E,17,,-12,,66.4,,24.9,,91.3,,0,,,,,
-68.52,48.45,RIMOUSKI,7056480,1992-05,1992,5,17.7,,5.3,,11.5,,32,S,-2.5,,45.9,,11.7,,57.6,,0,,,,,
-68.52,48.45,RIMOUSKI,7056480,1992-06,1992,6,19,E,9.5,E,14.2,E,28.5,,3.5,,166.6,,0,,166.6,,0,,,,,
-68.52,48.45,RIMOUSKI,7056480,1992-07,1992,7,20,E,11.3,E,15.7,E,28,,7,,119,,0,,119,,0,,,,,
-68.52,48.45,RIMOUSKI,7056480,1992-08,1992,8,21.3,,12.1,,16.7,,28,,8,,106.2,,0,,106.2,,0,,,,,
-68.52,48.45,RIMOUSKI,7056480,1992-09,1992,9,17.7,,9.6,,13.7,,24.5,,3,,70.5,,0,,70.5,,0,,,,,
-68.52,48.45,RIMOUSKI,7056480,1992-10,1992,10,7.8,,2,,4.9,,17.5,,-1.5,S,151.2,,0,T,151.2,,0,,,,,
-68.52,48.45,RIMOUSKI,7056480,1992-11,1992,11,1.6,,-4,E,-1.2,E,12.5,,-12.5,,36.2,,20.4,,56.6,,2,,,,,
-68.52,48.45,RIMOUSKI,7056480,1992-12,1992,12,-3.1,,-10.5,,-6.8,,7,,-22,,5.6,,26.6,,32.2,,10,,,,,
-68.52,48.45,RIMOUSKI,7056480,1993-01,1993,1,-8.2,E,-17.4,,-12.9,E,5.5,,-31.5,,20.6,,29,,49.6,,38,,,,,
-68.52,48.45,RIMOUSKI,7056480,1993-02,1993,2,-10.6,,-21.6,,-16.1,,-3.5,,-32,,0,,57.6,,57.6,,74,,,,,
-68.52,48.45,RIMOUSKI,7056480,1993-03,1993,3,-0.5,,-11.5,E,-6,E,14,,-23,,0,,45.2,,45.2,,48,,,,,
-68.52,48.45,RIMOUSKI,7056480,1993-04,1993,4,7.7,,-2,,2.8,,17,,-12,,96.8,,4.6,,101.4,,0,,,,,
-68.52,48.45,RIMOUSKI,7056480,1993-05,1993,5,14.9,,4.8,,9.9,,23,,-3,,96.4,,0,,96.4,,0,,,,,
-68.52,48.45,RIMOUSKI,7056480,1993-06,1993,6,19.9,,9.7,E,14.8,E,31,S,5,E,79,,0,,79,,0,,,,,
-68.52,48.45,RIMOUSKI,7056480,1993-07,1993,7,22.6,E,12.1,,17.4,E,30.5,,3,,67.8,,0,,67.8,,0,,,,,
-68.52,48.45,RIMOUSKI,7056480,1993-08,1993,8,22.3,,13.7,,18.1,,29,,9,,95.6,,0,,95.6,,0,,,,,
-68.52,48.45,RIMOUSKI,7056480,1993-09,1993,9,16.7,,8,E,12.4,E,26,,1,,85.9,,0,,85.9,,0,,,,,
-68.52,48.45,RIMOUSKI,7056480,1993-10,1993,10,7.5,,1.3,E,4.4,E,15,,-6.5,,129,,5,,134,,0,,,,,
-68.52,48.45,RIMOUSKI,7056480,1993-11,1993,11,1.9,E,-4.2,E,-1.1,E,12,,-14,,26.2,,40.6,,66.8,,0,,,,,
-68.52,48.45,RIMOUSKI,7056480,1993-12,1993,12,-3.6,E,-10.2,E,-6.9,E,7.5,,-30,E,56.5,,15.8,E,72.3,E,7,,,,,
-68.52,48.45,RIMOUSKI,7056480,1994-01,1994,1,-12.9,E,-21.8,E,-17.4,E,1,,-30.5,,3.8,,81.6,,85.4,,52,,,,,
-68.52,48.45,RIMOUSKI,7056480,1994-02,1994,2,-8.7,E,-16.5,E,-12.7,E,10,,-27,,0.6,,32.5,E,33.1,E,68,,,,,
-68.52,48.45,RIMOUSKI,7056480,1994-03,1994,3,0.5,E,-7,,-3.2,E,7,,-21.5,,3.6,,41.6,,45.2,,48,,,,,
-68.52,48.45,RIMOUSKI,7056480,1994-04,1994,4,6.8,E,-2.2,E,2.4,E,18,E,-22,E,53,,29.4,,82.4,,0,,,,,
-68.52,48.45,RIMOUSKI,7056480,1994-05,1994,5,13.2,E,3.8,E,8.5,E,19,,0,S,112.7,,3,,115.7,,0,,,,,
-68.52,48.45,RIMOUSKI,7056480,1994-06,1994,6,21.4,,11.2,,16.3,,32,,4.5,,92.8,,0,,92.8,,0,,,,,
-68.52,48.45,RIMOUSKI,7056480,1994-07,1994,7,23.8,,13.5,,18.6,,29.5,,9.5,,97.1,,0,,97.1,,0,,,,,
-68.52,48.45,RIMOUSKI,7056480,1994-08,1994,8,20.8,,11.9,,16.4,,27.5,,7,,81,,0,,81,,0,,,,,
-68.52,48.45,RIMOUSKI,7056480,1994-09,1994,9,16.1,,7.5,,11.8,,21,S,3,,73.2,,0,,73.2,,0,,,,,
-68.52,48.45,RIMOUSKI,7056480,1994-10,1994,10,11.8,,5,,8.4,,23,,-0.5,,23.9,,0,,23.9,,0,,,,,
-68.52,48.45,RIMOUSKI,7056480,1994-11,1994,11,4.5,,-1.4,,1.6,,15,,-11.5,,103.6,,32.2,,135.8,,13,,,,,
-68.52,48.45,RIMOUSKI,7056480,1994-12,1994,12,-2,,-9,,-5.5,,6,,-21,,0,,71.3,,71.3,,28,,,,,
-68.52,48.45,RIMOUSKI,7056480,1995-01,1995,1,-5.1,E,-12.1,E,-8.6,E,10,,-27.5,S,28.8,,82.7,,111.5,,34,,,,,
-68.52,48.45,RIMOUSKI,7056480,1995-02,1995,2,-8.5,E,-16.8,E,-12.7,E,3,,-25.5,,0,,76,E,76,E,52,,,,,
-68.52,48.45,RIMOUSKI,7056480,1995-03,1995,3,-0.7,,-8.5,,-4.6,,6,,-22,S,24.9,,68.6,,93.5,,60,,,,,
-68.52,48.45,RIMOUSKI,7056480,1995-04,1995,4,5,,-2.3,,1.4,,14,,-17,,37.2,,20.1,,57.3,,0,,,,,
-68.52,48.45,RIMOUSKI,7056480,1995-05,1995,5,14.5,,4.8,,9.7,,19.5,,-3,,62.4,,1.9,,64.3,,0,,,,,
-68.52,48.45,RIMOUSKI,7056480,1995-06,1995,6,22.6,,11.4,,17,,31,,7,S,41.8,,0,,41.8,,0,,,,,
-68.52,48.45,RIMOUSKI,7056480,1995-07,1995,7,25,,15.3,E,20.2,E,32,S,8,,76.6,,0,,76.6,,0,,,,,
-68.52,48.45,RIMOUSKI,7056480,1995-08,1995,8,23.5,,13.5,,18.5,,31,,7.5,,35,,0,,35,,0,,,,,
-68.52,48.45,RIMOUSKI,7056480,1995-09,1995,9,16.5,,7.6,,12.1,,25.5,,2,,85.6,,0,,85.6,,0,,,,,
-68.52,48.45,RIMOUSKI,7056480,1995-10,1995,10,12.4,,5.1,,8.7,,20.5,S,-1.5,,84.5,,0,T,84.5,,0,,,,,
-68.52,48.45,RIMOUSKI,7056480,1995-11,1995,11,2.4,,-4.4,,-1,,17,S,-16.5,,66.4,,32.3,,98.9,,,M,,,,
-68.52,48.45,RIMOUSKI,7056480,1995-12,1995,12,-5,,-11.1,,-8.1,,1,S,-19.5,,1.9,,81.8,,83.7,,38,,,,,
-68.52,48.45,RIMOUSKI,7056480,1996-01,1996,1,-6.8,E,-16.5,E,-11.7,E,14.5,,-28,E,10.4,,39.4,,49.8,,9,,,,,
-68.52,48.45,RIMOUSKI,7056480,1996-02,1996,2,-5.6,E,-13.1,,-9.3,E,8,,-29,,28.9,,56.5,,85.4,,10,,,,,
-68.52,48.45,RIMOUSKI,7056480,1996-03,1996,3,-0.9,E,-8.1,,-4.5,E,10,,-17.5,,0.9,,30.4,,31.3,,2,,,,,
-68.52,48.45,RIMOUSKI,7056480,1996-04,1996,4,6.6,,-0.7,,3,,15,,-6,S,74.2,,25.5,,99.7,,0,,,,,
-68.52,48.45,RIMOUSKI,7056480,1996-05,1996,5,12.8,,3.8,,8.3,,22,,-1.5,S,37.5,,4,,41.5,,0,,,,,
-68.52,48.45,RIMOUSKI,7056480,1996-06,1996,6,22,,11,,16.5,,28,S,6,,37.1,,0,,37.1,,0,,,,,
-68.52,48.45,RIMOUSKI,7056480,1996-07,1996,7,21.5,,12.6,,17.1,,28,,7,,238,,0,,238,,0,,,,,
-68.52,48.45,RIMOUSKI,7056480,1996-08,1996,8,22.6,,13.5,,18.1,,30,,7,,28.1,,0,,28.1,,0,,,,,
-68.52,48.45,RIMOUSKI,7056480,1996-09,1996,9,16.5,,8.1,,12.3,,27,,2,,72.4,,0,,72.4,,0,,,,,
-68.52,48.45,RIMOUSKI,7056480,1996-10,1996,10,8.8,,2,,5.4,,19.5,,-3,S,82.8,,0,T,82.9,,0,,,,,
-68.52,48.45,RIMOUSKI,7056480,1996-11,1996,11,2.6,,-2.9,,-0.2,,21,,-12,,16.5,,26.9,,43.4,,4,,,,,
-68.52,48.45,RIMOUSKI,7056480,1996-12,1996,12,-0.4,,-6.3,,-3.4,,11,,-24.5,,32.1,,38.6,,70.7,,24,,,,,
-68.52,48.45,RIMOUSKI,7056480,1997-01,1997,1,-7.7,E,-16.3,,-12,E,3,,-28,,0.8,,122.8,E,123.6,E,80,,,,,
-68.52,48.45,RIMOUSKI,7056480,1997-02,1997,2,-6.2,E,-14.8,,-10.5,E,1,S,-22,,0,,73.6,,73.6,,123,,,,,
-68.52,48.45,RIMOUSKI,7056480,1997-03,1997,3,-2.5,,-10,,-6.3,,8.5,,-18,,13.2,,26.8,,40,,95,,,,,
-68.52,48.45,RIMOUSKI,7056480,1997-04,1997,4,6.4,,-1.7,,2.4,,15.5,,-9,,15.1,,0.2,,15.4,,0,,,,,
-68.52,48.45,RIMOUSKI,7056480,1997-05,1997,5,11.7,,3.5,,7.6,,21,,-2,,130.4,,0,T,130.4,,0,,,,,
-68.52,48.45,RIMOUSKI,7056480,1997-06,1997,6,20.6,,9.2,,14.9,,28,S,3,,75.8,,0,,75.8,,0,,,,,
-68.52,48.45,RIMOUSKI,7056480,1997-07,1997,7,23.8,,13.2,E,18.5,E,30.5,,5.5,,54.5,,0,,54.5,,0,,,,,
-68.52,48.45,RIMOUSKI,7056480,1997-08,1997,8,20.1,,10.6,,15.4,,29,,7.5,S,99.4,,0,,99.4,,0,,,,,
-68.52,48.45,RIMOUSKI,7056480,1997-09,1997,9,16.2,,9,,12.6,,23,,3,S,65.3,,0,,65.3,,0,,,,,
-68.52,48.45,RIMOUSKI,7056480,1997-10,1997,10,8.9,,2.9,,5.9,,20,,-5,,46.2,,2.8,,49.2,,0,,,,,
-68.52,48.45,RIMOUSKI,7056480,1997-11,1997,11,2.3,E,-3.4,E,-0.5,E,17.5,,-13,S,28.6,,7.8,,36.4,,5,,,,,
-68.52,48.45,RIMOUSKI,7056480,1997-12,1997,12,-3.3,,-9.8,,-6.6,,4,,-19.5,,2.1,,54.5,,56.6,,33,,,,,
-68.52,48.45,RIMOUSKI,7056480,1998-01,1998,1,-5.4,,-13.4,E,-9.4,E,1,,-22,,0,T,59.6,,59.8,,57,,,,,
-68.52,48.45,RIMOUSKI,7056480,1998-02,1998,2,-2.3,,-9.8,,-6.1,,3.5,,-20.5,,39.7,,42.3,,82.1,,64,,,,,
-68.52,48.45,RIMOUSKI,7056480,1998-03,1998,3,0.6,,-6.1,,-2.7,,11.5,,-15.5,,48,,37.7,,85.8,,28,,,,,
-68.52,48.45,RIMOUSKI,7056480,1998-04,1998,4,8.2,,0.4,,4.4,,17.5,,-4.5,,16.1,,19.1,,35.3,,0,,,,,
-68.52,48.45,RIMOUSKI,7056480,1998-05,1998,5,17.6,,7.1,,12.4,,26,,1.5,,48.8,,0,,48.8,,0,,,,,
-68.52,48.45,RIMOUSKI,7056480,1998-06,1998,6,19.8,E,10.3,,15.1,E,29.5,,3,,58.7,,0,,58.7,,0,,,,,
-68.52,48.45,RIMOUSKI,7056480,1998-07,1998,7,23.3,,14.2,,18.8,,29,,9,,99.3,,0,,99.3,,0,,,,,
-68.52,48.45,RIMOUSKI,7056480,1998-08,1998,8,22.8,,12.9,,17.9,,30,,7.5,S,60.9,,0,,60.9,,0,,,,,
-68.52,48.45,RIMOUSKI,7056480,1998-09,1998,9,16.1,,9.6,,12.8,,22,,3.5,,107.2,,0,,107.2,,0,,,,,
-68.52,48.45,RIMOUSKI,7056480,1998-10,1998,10,9.7,,3.5,,6.7,,20.5,,-0.5,S,75.7,,0,T,75.7,,0,,,,,
-68.52,48.45,RIMOUSKI,7056480,1998-11,1998,11,2.3,,-2.5,,-0.1,,8,,-11,,29.6,,37,,66.6,,21,,,,,
-68.52,48.45,RIMOUSKI,7056480,1998-12,1998,12,-1.9,E,-9,,-5.4,E,8,E,-22.5,,9,,53,E,62,E,14,,,,,
-68.52,48.45,RIMOUSKI,7056480,1999-01,1999,1,-6.4,,-15.1,,-10.8,,9.5,,-25.5,,5.8,,77.3,,83.1,,3,,,,,
-68.52,48.45,RIMOUSKI,7056480,1999-02,1999,2,-2.6,E,-10.4,E,-6.5,E,5,,-21.5,,8.4,,58.5,,66.9,,12,,,,,
-68.52,48.45,RIMOUSKI,7056480,1999-03,1999,3,2.3,,-3.9,,-0.8,,11.5,,-15.5,,5.6,,42,,47.6,,0,,,,,
-68.52,48.45,RIMOUSKI,7056480,1999-04,1999,4,7.2,,0.1,,3.7,,16,,-6,,9.2,,37,E,46.2,E,0,,,,,
-68.52,48.45,RIMOUSKI,7056480,1999-05,1999,5,19.6,,8.3,,13.9,,29,,0,,77.3,,0,,77.3,,0,,,,,
-68.52,48.45,RIMOUSKI,7056480,1999-06,1999,6,23.3,,13.3,,18.3,,29.5,,5.5,,60.8,,0,,60.8,,0,,,,,
-68.52,48.45,RIMOUSKI,7056480,1999-07,1999,7,24.3,,14,,19.2,,31,,7,,98.2,,0,,98.2,,0,,,,,
-68.52,48.45,RIMOUSKI,7056480,1999-08,1999,8,22.7,E,13.4,I,18.1,I,30.5,B,8.5,I,48.4,,0,,48.4,,0,,,,,
-68.52,48.45,RIMOUSKI,7056480,1999-09,1999,9,20.3,E,11.2,E,15.8,E,29.5,E,6,B,128.5,I,0,I,128.5,I,0,,,,,
-68.52,48.45,RIMOUSKI,7056480,1999-10,1999,10,8.6,,1.5,E,4.9,E,17,,-5.5,E,93.2,,0,T,93.2,,0,,,,,
-68.52,48.45,RIMOUSKI,7056480,1999-11,1999,11,7.7,I,0.5,E,5.1,I,21.5,I,-8.5,E,58.8,,28.4,I,87.2,I,0,T,,,,
-68.52,48.45,RIMOUSKI,7056480,1999-12,1999,12,-2,E,-7.3,E,-4.6,E,8.5,E,-17.5,E,32,,69.7,,101.7,,18,,,,,
-68.52,48.45,RIMOUSKI,7056480,2000-01,2000,1,-6.9,,-14.9,,-10.9,,3.5,S,-23,,0,T,117,,117,,51,,,,,
-68.52,48.45,RIMOUSKI,7056480,2000-02,2000,2,-3.8,,-12.6,,-8.2,,12.5,,-21.5,,12.1,,42.8,,54.9,,0,,,,,
-68.52,48.45,RIMOUSKI,7056480,2000-03,2000,3,2.9,E,-4.9,E,-1,E,11.5,E,-17,E,5.9,I,33.9,,39.8,I,0,,,,,
-68.52,48.45,RIMOUSKI,7056480,2000-04,2000,4,,,,,,,,,,,,,,,,,,M,,,,
-68.52,48.45,RIMOUSKI,7056480,2000-05,2000,5,,,,,,,,,,,,,,,,,,,,,,
-68.52,48.45,RIMOUSKI,7056480,2000-06,2000,6,,,,,,,,,,,,,,,,,,,,,,
-68.52,48.45,RIMOUSKI,7056480,2000-07,2000,7,24.7,I,12.9,I,18.5,I,27,I,10.5,I,0.2,I,0,I,0.2,I,0,,,,,
-68.52,48.45,RIMOUSKI,7056480,2000-08,2000,8,22.5,E,13.5,E,18,E,29.5,E,9.5,B,92.3,I,0,I,92.3,I,0,,,,,
-68.52,48.45,RIMOUSKI,7056480,2000-09,2000,9,16.4,,8.4,,12.4,,24,,0,,23.1,,0,,23.1,,0,,,,,
-68.52,48.45,RIMOUSKI,7056480,2000-10,2000,10,9.5,E,2.8,E,6.1,E,20.5,E,-3,E,54.8,I,28.2,I,83,I,0,,,,,
-68.52,48.45,RIMOUSKI,7056480,2000-11,2000,11,3.6,,-0.6,,1.5,,10,,-11.5,,43.9,,26.8,,70.7,,10,,,,,
-68.52,48.45,RIMOUSKI,7056480,2000-12,2000,12,-5.7,E,-11.7,E,-8.7,E,12,E,-19,E,15,I,61.5,I,76.5,I,,M,,,,
-68.52,48.45,RIMOUSKI,7056480,2001-01,2001,1,-6.7,E,-13.9,E,-10.3,E,-1,E,-22,E,,M,20.7,I,20.7,I,45,,,,,
-68.52,48.45,RIMOUSKI,7056480,2001-02,2001,2,-5.3,,-13.7,,-9.5,,6.5,,-27,,6.2,,66.7,,72.9,,53,,,,,
-68.52,48.45,RIMOUSKI,7056480,2001-03,2001,3,-0.9,,-7.4,,-4.2,,7.5,,-23,,0,,47.2,,47.2,,58,,,,,
-68.52,48.45,RIMOUSKI,7056480,2001-04,2001,4,7.4,,-0.8,,3.3,,23,,-6.5,,32.4,,18,,50.4,,0,,,,,
-68.52,48.45,RIMOUSKI,7056480,2001-05,2001,5,17.3,,6.5,,11.9,,25,,0,,66.6,,0,,66.6,,0,,,,,
-68.52,48.45,RIMOUSKI,7056480,2001-06,2001,6,21,,11.5,,16.2,,29.5,,6,,99.9,,0,,99.9,,0,,,,,
-68.52,48.45,RIMOUSKI,7056480,2001-07,2001,7,22.6,E,12.6,E,17.6,E,30,B,8,E,86.8,I,0,,86.8,I,0,,,,,
-68.52,48.45,RIMOUSKI,7056480,2001-08,2001,8,23.7,E,14.2,E,18.8,E,30,B,8.5,B,66,I,0,,66,I,0,,,,,
-68.52,48.45,RIMOUSKI,7056480,2001-09,2001,9,18.7,E,9.5,E,14.2,E,31.5,E,1,E,39.2,,0,,39.2,,0,,,,,
-68.52,48.45,RIMOUSKI,7056480,2001-10,2001,10,11.7,,5.1,,8.4,,23,,-0.5,S,106.6,,0,,106.6,,0,,,,,
-68.52,48.45,RIMOUSKI,7056480,2001-11,2001,11,5.5,,-1.1,,2.2,,16,,-13,,24.2,I,20.5,,44.7,I,11,,,,,
-68.52,48.45,RIMOUSKI,7056480,2001-12,2001,12,0.3,,-5.1,,-2.4,,12.5,,-11.5,,22.3,,13,,35.3,,5,,,,,
-68.52,48.45,RIMOUSKI,7056480,2002-01,2002,1,-5.7,,-12.6,,-9.2,,1,,-20,,0,,45.3,,45.3,,24,,,,,
-68.52,48.45,RIMOUSKI,7056480,2002-02,2002,2,-5.1,,-13.4,E,-9.3,E,6,,-25.5,,13.4,,83.5,I,96.9,I,63,,,,,
-68.52,48.45,RIMOUSKI,7056480,2002-03,2002,3,-0.6,,-9.6,,-5.1,,9.5,,-16,,23,,54.5,,77.5,,29,,,,,
-68.52,48.45,RIMOUSKI,7056480,2002-04,2002,4,7.4,E,-0.3,E,3.5,E,17.5,,-7,,46,I,5,I,51,I,0,,,,,
-68.52,48.45,RIMOUSKI,7056480,2002-05,2002,5,14,,4.9,,9.5,,27,,-0.5,,75.3,,4,,79.3,,0,,,,,
-68.52,48.45,RIMOUSKI,7056480,2002-06,2002,6,19.2,,9.4,,14.3,,28,,4.5,S,149.2,,0,,149.2,,0,,,,,
-68.52,48.45,RIMOUSKI,7056480,2002-07,2002,7,22.7,,13.2,,18,,31.5,,9,S,94,,0,,94,,0,,,,,
-68.52,48.45,RIMOUSKI,7056480,2002-08,2002,8,24.1,E,13.7,E,18.9,E,31,B,4,E,89.8,I,0,,89.8,I,0,,,,,
-68.52,48.45,RIMOUSKI,7056480,2002-09,2002,9,18.7,E,9.2,E,13.9,E,27,E,1.1,E,54.4,,0,,54.4,,0,,,,,
-68.52,48.45,RIMOUSKI,7056480,2002-10,2002,10,8.6,,2.4,,5.6,,21.5,S,-2.5,,49.8,,3,,52.8,,0,,,,,
-68.52,48.45,RIMOUSKI,7056480,2002-11,2002,11,1.6,,-4.6,,-1.5,,20.5,,-12,,3.9,I,46,I,45.9,I,22,,,,,
-68.52,48.45,RIMOUSKI,7056480,2002-12,2002,12,-2.8,,-8.8,,-5.8,,3,S,-22,,3,I,39.2,,42.2,I,32,,,,,
-68.52,48.45,RIMOUSKI,7056480,2003-01,2003,1,-9.2,,-16.1,,-12.7,,1,,-23,,0,,42,,42,,45,,,,,
-68.52,48.45,RIMOUSKI,7056480,2003-02,2003,2,-9,E,-16.5,E,-12.8,E,2,B,-27,E,0,,101.5,,101.5,,77,,,,,
-68.52,48.45,RIMOUSKI,7056480,2003-03,2003,3,-0.9,E,-8.7,E,-4.8,E,13.5,E,-23,E,0,I,38.5,I,38.5,I,12,,,,,
-68.52,48.45,RIMOUSKI,7056480,2003-04,2003,4,5.5,,-3.6,,1,,17,,-14.5,,51.4,,13,,64.4,,0,,,,,
-68.52,48.45,RIMOUSKI,7056480,2003-05,2003,5,14.2,E,4.7,,9.5,E,28.5,,-1.5,,52.9,I,0,I,52.9,I,0,,,,,
-68.52,48.45,RIMOUSKI,7056480,2003-06,2003,6,22.3,E,11.8,E,17,E,35,E,5.5,E,52.6,,0,,52.6,,0,,,,,
-68.52,48.45,RIMOUSKI,7056480,2003-07,2003,7,22.9,,13.6,,18.3,,29,,10,S,106.6,,0,,106.6,,0,,,,,
-68.52,48.45,RIMOUSKI,7056480,2003-08,2003,8,21.4,E,12.4,E,16.8,E,29,E,6,E,115.6,,0,,115.6,,0,,,,,
-68.52,48.45,RIMOUSKI,7056480,2003-09,2003,9,20.4,E,10.5,,15.4,E,26,,1.5,,135.4,,0,,135.4,,0,,,,,
-68.52,48.45,RIMOUSKI,7056480,2003-10,2003,10,10,E,3.7,E,6.8,E,23.5,E,-3,,128.5,I,8,,136.5,I,0,,,,,
-68.52,48.45,RIMOUSKI,7056480,2003-11,2003,11,4,,-2.2,E,0.9,E,14,,-6,S,38.7,I,32,,70.7,I,0,,,,,
-68.52,48.45,RIMOUSKI,7056480,2003-12,2003,12,-2,,-8.4,,-5.2,,6.5,,-17.5,,67.4,,67,,134.4,,9,,,,,
-68.52,48.45,RIMOUSKI,7056480,2004-01,2004,1,-11.4,,-18,,-14.8,,1,,-28.5,S,0,,73,,73,,37,,,,,
-68.52,48.45,RIMOUSKI,7056480,2004-02,2004,2,-5.2,,-13.4,,-9.4,,0.5,,-26.5,,0,,56,,56,,41,,,,,
-68.52,48.45,RIMOUSKI,7056480,2004-03,2004,3,0.7,,-7.6,,-3.5,,11.5,,-16.5,,24,,60,E,84,E,0,,,,,
-68.52,48.45,RIMOUSKI,7056480,2004-04,2004,4,6.3,,-1.1,,2.6,,17,S,-8,,78.8,,43,,121.8,,0,,,,,
-68.52,48.45,RIMOUSKI,7056480,2004-05,2004,5,13.1,E,3.9,,8.5,E,22.5,,-2.5,,107.7,E,0,,107.7,E,0,,,,,
-68.52,48.45,RIMOUSKI,7056480,2004-06,2004,6,19,,9.7,E,14.3,E,24,S,3.5,,94.6,,0,,94.6,,0,,,,,
-68.52,48.45,RIMOUSKI,7056480,2004-07,2004,7,23.3,,13.8,,18.6,,31.5,,7.5,,165.3,,0,,165.3,,0,,,,,
-68.52,48.45,RIMOUSKI,7056480,2004-08,2004,8,22,,13.1,,17.6,,27.5,,7.5,,155.2,,0,,155.2,,0,,,,,
-68.52,48.45,RIMOUSKI,7056480,2004-09,2004,9,17.6,,8.7,,13.2,,26.5,,3.5,S,94.1,,0,,94.1,,0,,,,,
-68.52,48.45,RIMOUSKI,7056480,2004-10,2004,10,11.6,E,3.3,,7.5,E,21.5,S,-2,S,44.9,,0,,44.9,,0,,,,,
-68.52,48.45,RIMOUSKI,7056480,2004-11,2004,11,2.9,E,-2.2,E,0.4,E,11.5,,-9,E,87.9,,5,,92.9,,0,,,,,
-68.52,48.45,RIMOUSKI,7056480,2004-12,2004,12,-4.6,,-12.4,,-8.5,,11.5,,-19.5,,16.8,,109,,125.8,,13,,,,,
-68.52,48.45,RIMOUSKI,7056480,2005-01,2005,1,-8.8,,-17,,-13,,9.5,,-25,,3.4,,30,,33.4,,8,,,,,
-68.52,48.45,RIMOUSKI,7056480,2005-02,2005,2,-3.9,E,-12.2,E,-8,E,5,E,-24,,10.4,,50,,60.4,,31,,,,,
-68.52,48.45,RIMOUSKI,7056480,2005-03,2005,3,-0.7,,-7.9,,-4.3,,7.5,,-19,,1,,101,,102,,47,,,,,
-68.52,48.45,RIMOUSKI,7056480,2005-04,2005,4,8.2,,0.5,,4.4,,17.5,,-3.5,,125,,12,,137,,0,,,,,
-68.52,48.45,RIMOUSKI,7056480,2005-05,2005,5,12.7,,4.4,,8.6,,21,,-1,,43.6,,0,,43.6,,0,,,,,
-68.52,48.45,RIMOUSKI,7056480,2005-06,2005,6,22.3,,11.2,,16.7,,34.5,,5,S,94.4,,0,,94.4,,0,,,,,
-68.52,48.45,RIMOUSKI,7056480,2005-07,2005,7,25.1,,14.4,,19.7,,33.5,,9,,63.2,,0,,63.2,,0,,,,,
-68.52,48.45,RIMOUSKI,7056480,2005-08,2005,8,23.4,,13.7,E,18.6,E,33,,9.5,E,124.8,,0,,124.8,,0,,,,,
-68.52,48.45,RIMOUSKI,7056480,2005-09,2005,9,18.5,,10.2,,14.4,,29.5,,5.5,,112.4,,0,,112.4,,0,,,,,
-68.52,48.45,RIMOUSKI,7056480,2005-10,2005,10,11.4,,5.1,,8.3,,26.5,,-0.5,,143,,0,,143,,0,,,,,
-68.52,48.45,RIMOUSKI,7056480,2005-11,2005,11,4.4,,-1.9,,1.3,,14.5,,-10,,90.3,,26,,116.3,,0,,,,,
-68.52,48.45,RIMOUSKI,7056480,2005-12,2005,12,-4,,-8.9,,-6.4,,9.5,,-17,,21.8,,90.5,,112.3,,56,,,,,
-68.52,48.45,RIMOUSKI,7056480,2006-01,2006,1,-3.5,E,-10.5,,-7,E,8.5,E,-19,,39.4,,73,,112.4,,58,,,,,
-68.52,48.45,RIMOUSKI,7056480,2006-02,2006,2,-6.8,,-13.8,E,-10.3,E,2.5,,-22,,0,,98,,98,,116,,,,,
-68.52,48.45,RIMOUSKI,7056480,2006-03,2006,3,1.6,E,-5,E,-1.7,E,12,E,-20,,12.4,,34,,46.4,,55,,,,,
-68.52,48.45,RIMOUSKI,7056480,2006-04,2006,4,9.6,,0.5,,5.1,,19,,-5,,37.2,,6,I,40,I,0,,,,,
-68.52,48.45,RIMOUSKI,7056480,2006-05,2006,5,15.9,,6.4,,11.2,,22.5,,1.5,,90,,0,,90,,0,,,,,
-68.52,48.45,RIMOUSKI,7056480,2006-06,2006,6,22.1,,12.5,E,17.3,E,32.5,S,7.5,,61.8,E,0,,61.8,E,0,,,,,
-68.52,48.45,RIMOUSKI,7056480,2006-07,2006,7,23.8,,13.8,E,18.8,E,30.5,,10,S,73.8,,0,,73.8,,0,,,,,
-68.52,48.45,RIMOUSKI,7056480,2006-08,2006,8,21.9,E,11,I,16.3,I,27,S,5,I,27,,0,,27,,0,,,,,
-68.52,48.45,RIMOUSKI,7056480,2006-09,2006,9,17,,8.3,,12.7,,27,,4.5,,149.4,,0,,149.4,,0,,,,,
-68.52,48.45,RIMOUSKI,7056480,2006-10,2006,10,10.3,,3.2,,6.8,,20,,-3,,140.8,,0,,140.8,,0,,,,,
-68.52,48.45,RIMOUSKI,7056480,2006-11,2006,11,6.6,,0.3,,3.5,,20.5,S,-6,,73,,5.8,,78.8,,0,,,,,
-68.52,48.45,RIMOUSKI,7056480,2006-12,2006,12,-0.8,,-6.6,,-3.7,,6.5,S,-14,,34.7,,55,,89.7,,14,,,,,
-68.52,48.45,RIMOUSKI,7056480,2007-01,2007,1,-5.5,E,-12.9,E,-9.3,E,8.5,,-23,E,,M,46,,46,I,19,,,,,
-68.52,48.45,RIMOUSKI,7056480,2007-02,2007,2,-7.1,,-14.8,,-11,,1,,-23.5,,0,,87.4,,87.4,,55,,,,,
-68.52,48.45,RIMOUSKI,7056480,2007-03,2007,3,-0.5,E,-9.2,E,-4.8,E,9.5,E,-24.5,E,3,,96,,99,,35,,,,,
-68.52,48.45,RIMOUSKI,7056480,2007-04,2007,4,6.8,,-1.1,,2.8,,24.5,,-6,,23.2,,27,,50.2,,0,,,,,
-68.52,48.45,RIMOUSKI,7056480,2007-05,2007,5,15.4,,4.5,,10,,32,,-1.5,,45.4,E,7,,52.4,E,0,,,,,
-68.52,48.45,RIMOUSKI,7056480,2007-06,2007,6,20.7,,9.7,,15.2,,29,,5,,95.6,,0,,95.6,,0,,,,,
-68.52,48.45,RIMOUSKI,7056480,2007-07,2007,7,23.1,,13.9,,18.5,,31,S,9.5,S,121.6,E,0,,121.6,E,0,,,,,
-68.52,48.45,RIMOUSKI,7056480,2007-08,2007,8,21.6,E,11.4,E,16.5,E,26.5,E,7,E,113.8,,0,,113.8,,0,,,,,
-68.52,48.45,RIMOUSKI,7056480,2007-09,2007,9,17.1,,8.1,,12.6,,28.5,,2,,132.4,,0,,132.4,,0,,,,,
-68.52,48.45,RIMOUSKI,7056480,2007-10,2007,10,13,,5.6,,9.3,,21.5,,-1.5,,92.8,,0,T,92.8,,0,,,,,
-68.52,48.45,RIMOUSKI,7056480,2007-11,2007,11,1.8,,-2.9,E,-0.6,E,12,,-11,,81.2,,80,,161.2,,43,,,,,
-68.52,48.45,RIMOUSKI,7056480,2007-12,2007,12,-4.8,,-11.4,E,-8.1,E,9,,-19.5,,12.2,,51,,63.2,,48,,,,,
-68.52,48.45,RIMOUSKI,7056480,2008-01,2008,1,-4.6,,-11.1,,-7.9,,8,,-23,,32.2,,28,,60.2,,17,,,,,
-68.52,48.45,RIMOUSKI,7056480,2008-02,2008,2,-4.9,E,-11.9,E,-8.4,E,9.5,E,-21,E,0,T,76,I,76,I,,M,,,,
-68.52,48.45,RIMOUSKI,7056480,2008-03,2008,3,-2,E,-10.8,E,-6.4,E,7,E,-19,E,2.4,,135,I,137.4,I,153,,,,,
-68.52,48.45,RIMOUSKI,7056480,2008-04,2008,4,8.9,,1.2,,5.1,,19,,-6.5,,74.8,,13,,87.8,,0,,,,,
-68.52,48.45,RIMOUSKI,7056480,2008-05,2008,5,15,,5.4,E,10.2,E,22.5,,-0.5,,61.4,,0,,61.4,,0,,,,,
-68.52,48.45,RIMOUSKI,7056480,2008-06,2008,6,19.3,,10.3,,14.8,,25.5,,3.5,,105.8,,0,,105.8,,0,,,,,
-68.52,48.45,RIMOUSKI,7056480,2008-07,2008,7,24.5,E,15.4,,20,E,29.5,,9,,82.4,,0,,82.4,,0,,,,,
-68.52,48.45,RIMOUSKI,7056480,2008-08,2008,8,21.5,E,13.7,E,17.6,E,29,,9,,117.5,E,0,,117.5,E,0,,,,,
-68.52,48.45,RIMOUSKI,7056480,2008-09,2008,9,17.3,E,8.7,E,13,E,24,B,2,B,99,I,0,,99,I,0,,,,,
-68.52,48.45,RIMOUSKI,7056480,2008-10,2008,10,10.6,,3.8,,7.2,,17.5,,-5.5,,75.2,,12,,87.2,,0,,,,,
-68.52,48.45,RIMOUSKI,7056480,2008-11,2008,11,4.8,,-0.7,,2.1,,20,,-10.5,,51.3,,8,,59.3,,0,,,,,
-68.52,48.45,RIMOUSKI,7056480,2008-12,2008,12,-4.2,,-11.6,,-7.9,,10,,-24.5,,19.4,,89,,108.4,,19,,,,,
-68.52,48.45,RIMOUSKI,7056480,2009-01,2009,1,-10.5,,-17.6,,-14.1,,-0.5,,-31.5,,0,,100,,100,,80,,,,,
-68.52,48.45,RIMOUSKI,7056480,2009-02,2009,2,-3.6,,-10.9,,-7.3,,7.5,,-18,S,0.6,,63,,63.6,,98,,,,,
-68.52,48.45,RIMOUSKI,7056480,2009-03,2009,3,-0.5,,-8.5,,-4.5,,8.5,,-19,,4.6,,56,,60.6,,46,,,,,
-68.52,48.45,RIMOUSKI,7056480,2009-04,2009,4,8.2,,0.5,E,4.3,E,26,,-6.3,E,115.2,,0,T,115.2,,0,,,,,
-68.52,48.45,RIMOUSKI,7056480,2009-05,2009,5,14.4,,4.9,,9.6,,28.5,,1,,77.8,,0,,77.8,,0,,,,,
-68.52,48.45,RIMOUSKI,7056480,2009-06,2009,6,20.1,,9.7,,14.9,,27,,4,,53.4,,0,,53.4,,0,,,,,
-68.52,48.45,RIMOUSKI,7056480,2009-07,2009,7,21.5,,12.8,,17.2,,28.5,S,8.5,,137,,0,,137,,0,,,,,
-68.52,48.45,RIMOUSKI,7056480,2009-08,2009,8,22.5,E,12.9,E,17.7,E,30,,7,S,57.8,E,0,,57.8,E,0,,,,,
-68.52,48.45,RIMOUSKI,7056480,2009-09,2009,9,18,,8.4,E,13.2,E,26,,1.5,,61.8,,0,,61.8,,0,,,,,
-68.52,48.45,RIMOUSKI,7056480,2009-10,2009,10,7.9,,1.4,E,4.7,E,15,,-5,,86.6,,9,,95.6,,0,,,,,
-68.52,48.45,RIMOUSKI,7056480,2009-11,2009,11,6.4,,-0.1,,3.1,,13.5,,-5,,65.8,,7,,72.8,,0,T,,,,
-68.52,48.45,RIMOUSKI,7056480,2009-12,2009,12,-3.4,,-8.8,,-6.1,,3,S,-17.5,,27,,98,,125,,45,,,,,
-68.52,48.45,RIMOUSKI,7056480,2010-01,2010,1,-2.6,I,-9,E,-5.7,I,8.5,I,-19,E,17,I,22,I,39,I,,M,,,,
-68.52,48.45,RIMOUSKI,7056480,2010-02,2010,2,-1.4,,-5.9,,-3.7,,4.5,,-23.5,,12.4,,44,,56.4,,63,,,,,
-68.52,48.45,RIMOUSKI,7056480,2010-03,2010,3,3,,-4.5,,-0.7,,9,,-15,,20.6,,28,,48.6,,30,,,,,
-68.52,48.45,RIMOUSKI,7056480,2010-04,2010,4,9.9,,2,,6,,20.5,,-2.5,,47.8,,8,,55.8,,0,,,,,
-68.52,48.45,RIMOUSKI,7056480,2010-05,2010,5,16.4,E,6.7,,11.6,E,30,,2,S,89,,0,,89,,0,,,,,
-68.52,48.45,RIMOUSKI,7056480,2010-06,2010,6,20.4,E,10.6,E,15.5,E,31,,6.5,E,111.4,I,0,T,111.4,I,0,,,,,
-68.52,48.45,RIMOUSKI,7056480,2010-07,2010,7,24.6,E,14.2,E,19.4,E,31.5,,9,S,62.4,,0,,62.4,,0,,,,,
-68.52,48.45,RIMOUSKI,7056480,2010-08,2010,8,23.9,E,13.7,,18.8,E,31.5,,9,,32.2,,0,,32.2,,0,,,,,
-68.52,48.45,RIMOUSKI,7056480,2010-09,2010,9,16.9,,9.3,E,13.1,E,33,,3,,272.4,,0,,272.4,,0,,,,,
-68.52,48.45,RIMOUSKI,7056480,2010-10,2010,10,9.8,E,4.2,E,7.1,E,17.5,,-1,E,120.4,,0,T,120.4,,0,,,,,
-68.52,48.45,RIMOUSKI,7056480,2010-11,2010,11,3.3,,-1.5,E,0.9,E,10,S,-8.5,,70,,17,,87,,9,,,,,
-68.52,48.45,RIMOUSKI,7056480,2010-12,2010,12,-0.2,,-5.1,E,-2.5,E,15,,-9.5,E,104.2,,38,,142.2,,9,,,,,
-68.52,48.45,RIMOUSKI,7056480,2011-01,2011,1,-6.3,E,-11.8,E,-8.9,E,5,E,-23.5,E,10.4,,69,I,79.4,I,43,,,,,
-68.52,48.45,RIMOUSKI,7056480,2011-02,2011,2,-6.2,I,-12.2,I,-9.5,I,3,I,-19,I,5.6,I,50,I,55.6,I,,M,,,,
-68.52,48.45,RIMOUSKI,7056480,2011-03,2011,3,-0.2,E,-5.5,I,0,I,7.5,B,-5.5,I,7,I,94,,97,I,74,,,,,
-68.52,48.45,RIMOUSKI,7056480,2011-04,2011,4,7.2,E,-2.8,,2.2,E,15.5,E,-11.5,,73.2,,24,,97.2,,0,,,,,
-68.52,48.45,RIMOUSKI,7056480,2011-05,2011,5,13.1,E,3.5,E,8.3,I,23.5,E,-0.5,E,145,I,0,I,142.4,I,,M,,,,
-68.52,48.45,RIMOUSKI,7056480,2011-06,2011,6,20.7,I,11.4,I,16.1,I,25.5,I,5,I,22.2,I,0,I,22.2,I,0,,,,,
-68.52,48.45,RIMOUSKI,7056480,2011-07,2011,7,24,,14.1,E,19,E,29.5,,10.5,E,74.6,,0,,74.6,,0,,,,,
-68.52,48.45,RIMOUSKI,7056480,2011-08,2011,8,22.1,E,13.8,E,18,E,28,E,10,E,89,I,0,,89,I,,M,,,,
-68.52,48.45,RIMOUSKI,7056480,2011-09,2011,9,19.1,E,10.2,E,14.6,E,26,E,3,E,84.6,I,0,,84.6,I,0,,,,,
-68.52,48.45,RIMOUSKI,7056480,2011-10,2011,10,12.2,E,5.6,E,9.1,E,26.5,E,-1,E,30.6,E,0,T,30.6,E,0,,,,,
-68.52,48.45,RIMOUSKI,7056480,2011-11,2011,11,7.5,E,0.7,E,4.1,E,17.5,E,-10,E,80.2,E,2.4,E,82.6,E,0,,,,,
-68.52,48.45,RIMOUSKI,7056480,2011-12,2011,12,-1.3,E,-8.2,,-4.5,E,8,E,-19,,20,I,63,,79,I,14,,,,,
-68.52,48.45,RIMOUSKI,7056480,2012-01,2012,1,-5.4,E,-13.4,E,-9.5,E,3.5,E,-22,E,13,,70,,83,,56,,,,,
-68.52,48.45,RIMOUSKI,7056480,2012-02,2012,2,-3.9,,-11,,-7.4,,3,S,-21,,0,T,33,,31,I,62,,,,,
-68.52,48.45,RIMOUSKI,7056480,2012-03,2012,3,3.6,E,-5,E,-0.9,E,24,E,-17.5,E,1.4,,35,,36.4,,0,,,,,
-68.52,48.45,RIMOUSKI,7056480,2012-04,2012,4,8.6,E,0,I,4.3,I,23,E,-3.5,I,73.8,I,37,I,93.2,I,,M,,,,
-68.52,48.45,RIMOUSKI,7056480,2012-05,2012,5,17,E,6.7,E,11.7,E,31.5,E,0.4,E,102.8,,0,,102.8,,0,,,,,
-68.52,48.45,RIMOUSKI,7056480,2012-06,2012,6,19.8,E,10.5,E,15.1,E,28.5,E,4.5,E,100.8,E,0,,100.8,E,0,,,,,
-68.52,48.45,RIMOUSKI,7056480,2012-07,2012,7,24.3,,14.6,,19.5,,30.5,,11,,42,I,0,,42,I,0,,,,,
-68.52,48.45,RIMOUSKI,7056480,2012-08,2012,8,24.6,E,15,E,20,E,35.5,E,11.5,E,67.8,E,0,,67.8,E,0,,,,,
-68.52,48.45,RIMOUSKI,7056480,2012-09,2012,9,19.1,E,10.2,,14.6,E,26,E,4.5,,49,I,0,,49,I,0,,,,,
-68.52,48.45,RIMOUSKI,7056480,2012-10,2012,10,11.2,E,4.2,E,7.6,E,20,E,-2.5,E,112.8,E,0,T,112.8,E,0,,,,,
-68.52,48.45,RIMOUSKI,7056480,2012-11,2012,11,3.3,E,-1.6,E,0.9,E,15,E,-12,,26.6,,6,,32.6,,2,,,,,
-68.52,48.45,RIMOUSKI,7056480,2012-12,2012,12,-1.3,E,-7.2,,-4.2,E,7,E,-14.5,,19.4,,84,,103.4,,31,,,,,
-68.52,48.45,RIMOUSKI,7056480,2013-01,2013,1,-5.5,E,-13.3,,-9.4,E,12.5,E,-24,,23.2,,24,,47.2,,6,,,,,
-68.52,48.45,RIMOUSKI,7056480,2013-02,2013,2,-4.6,E,-10.9,E,-7.8,E,2,E,-24.5,E,0,,33,I,33,I,14,,,,,
-68.52,48.45,RIMOUSKI,7056480,2013-03,2013,3,2,E,-3.8,,-0.9,E,10.5,E,-14.5,,10.4,I,61,,71.4,I,0,,,,,
-68.52,48.45,RIMOUSKI,7056480,2013-04,2013,4,7.6,E,-0.6,E,3.3,E,19,E,-10.5,E,47.4,E,10.5,,57.5,I,0,,,,,
-68.52,48.45,RIMOUSKI,7056480,2013-05,2013,5,15.3,E,5.8,E,10.6,E,25.5,E,1.5,E,157.8,I,0,,157.8,I,0,,,,,
-68.52,48.45,RIMOUSKI,7056480,2013-06,2013,6,18.5,E,9.7,,14.1,E,28.5,E,3.5,,180.8,I,0,,180.8,I,0,,,,,
-68.52,48.45,RIMOUSKI,7056480,2013-07,2013,7,25,,15,,20.1,,32,,9,,25,,0,,25,,0,,,,,
-68.52,48.45,RIMOUSKI,7056480,2013-08,2013,8,22.3,E,13.2,E,17.7,I,31.5,E,8,E,41.8,E,0,,41.8,E,0,,,,,
-68.52,48.45,RIMOUSKI,7056480,2013-09,2013,9,17.2,E,8.8,E,13,E,24,E,5,E,94,I,0,,94,I,0,,,,,
-68.52,48.45,RIMOUSKI,7056480,2013-10,2013,10,11.6,I,5.3,I,8.5,I,22.5,I,-1.5,I,38.8,I,0,,38.8,I,0,,,,,
-68.52,48.45,RIMOUSKI,7056480,2013-11,2013,11,3.1,E,-2.5,E,0.4,E,18,E,-10.5,E,14.8,I,36,I,40.8,I,15,,,,,
-68.52,48.45,RIMOUSKI,7056480,2013-12,2013,12,-7.7,E,-11.6,I,-9.4,I,5,E,-21,I,0,I,162,,144,I,74,,,,,
-68.52,48.45,RIMOUSKI,7056480,2014-01,2014,1,-7.1,E,-14.5,I,-10.8,I,6.5,E,-22,I,0,,27,,27,,62,,,,,
-68.52,48.45,RIMOUSKI,7056480,2014-02,2014,2,-6.5,E,-12.6,E,-9.6,E,1.5,B,-17.5,B,0,,76,I,76,I,86,,,,,
-68.52,48.45,RIMOUSKI,7056480,2014-03,2014,3,-5.6,I,-13.3,I,-9.5,I,3,I,-22,I,0,I,55,I,55,I,,M,,,,
-68.52,48.45,RIMOUSKI,7056480,2014-04,2014,4,8.3,I,-1.2,I,3.8,I,16.5,I,-7.5,I,58,I,17,I,75,I,0,,,,,
-68.52,48.45,RIMOUSKI,7056480,2014-05,2014,5,14.4,E,5.5,E,10,E,27.5,E,1,B,75.4,I,0,I,75.4,I,0,,,,,
-68.52,48.45,RIMOUSKI,7056480,2014-06,2014,6,22.9,E,12.5,,17.8,E,30.5,E,6,,50,,0,,50,,0,,,,,
-68.52,48.45,RIMOUSKI,7056480,2014-07,2014,7,25.8,E,16.2,E,21.1,E,32.5,E,11,E,73,I,0,,73,I,0,,,,,
-68.52,48.45,RIMOUSKI,7056480,2014-08,2014,8,23.1,I,14.2,I,18.7,I,29,I,8,I,92,,0,,92,,0,,,,,
-68.52,48.45,RIMOUSKI,7056480,2014-09,2014,9,17.6,,9.6,,13.6,,26,S,2,,78.2,,0,,78.2,,0,,,,,
-68.52,48.45,RIMOUSKI,7056480,2014-10,2014,10,11.7,E,5.4,E,8.6,E,22,E,-0.5,E,119.6,I,0,,119.6,I,0,,,,,
-68.52,48.45,RIMOUSKI,7056480,2014-11,2014,11,2.5,E,-2.9,,0,E,13.5,E,-10,S,28.2,,21,,49.2,,3,,,,,
-68.52,48.45,RIMOUSKI,7056480,2014-12,2014,12,-2.5,E,-7.8,,-5,E,6.5,E,-20.5,,40.8,I,47,,81.8,I,7,,,,,
-68.52,48.45,RIMOUSKI,7056480,2015-01,2015,1,-7.8,E,-15.8,E,-11.8,E,8,E,-26,E,0,I,69,I,69,I,31,,,,,
-68.52,48.45,RIMOUSKI,7056480,2015-02,2015,2,-11.9,E,-19.9,,-15.8,E,-4.5,B,-28,,0,,47,I,47,I,53,,,,,
-68.52,48.45,RIMOUSKI,7056480,2015-03,2015,3,-1.8,I,-9.7,E,-6,I,7,I,-18,E,0,I,52,I,52,I,50,,,,,
-68.52,48.45,RIMOUSKI,7056480,2015-04,2015,4,6.6,,-1.3,E,2.7,E,20,,-13,E,49.4,,8,I,57.4,I,0,,,,,
-68.52,48.45,RIMOUSKI,7056480,2015-05,2015,5,16.4,I,5.9,I,11.2,I,27.5,I,0,I,70,I,0,,70,I,0,,,,,
-68.52,48.45,RIMOUSKI,7056480,2015-06,2015,6,19.8,E,10.2,E,15,E,27.5,E,5.5,E,68.2,I,0,,68.2,I,0,,,,,
-68.52,48.45,RIMOUSKI,7056480,2015-07,2015,7,22.4,,13.3,,17.9,,31.5,,8.5,,103.6,,0,,103.6,,0,,,,,
-68.52,48.45,RIMOUSKI,7056480,2015-08,2015,8,24.6,I,15.3,I,20,I,31.5,I,10,I,57,I,0,,57,I,0,,,,,
-68.52,48.45,RIMOUSKI,7056480,2015-09,2015,9,20.4,E,11.1,E,15.8,E,29.5,E,1,E,50.8,,0,,50.8,,0,,,,,
-68.52,48.45,RIMOUSKI,7056480,2015-10,2015,10,9.6,I,2.4,E,6,I,20,I,-3,B,56.8,I,0,T,56.8,I,0,,,,,
-68.52,48.45,RIMOUSKI,7056480,2015-11,2015,11,5.4,I,-0.1,E,2.6,I,16,I,-11.5,E,86.3,,4,E,90.3,E,2,,,,,
-68.52,48.45,RIMOUSKI,7056480,2015-12,2015,12,1,E,-4.3,,-1.6,E,10.5,E,-14.5,,6.8,I,59,I,65.8,I,20,,,,,
-68.52,48.45,RIMOUSKI,7056480,2016-01,2016,1,-4.2,E,-10.8,E,-7.5,E,6.5,E,-17.5,E,7,,44,,51,,30,,,,,
-68.52,48.45,RIMOUSKI,7056480,2016-02,2016,2,-4.3,E,-12.6,E,-8.6,E,11,E,-24,E,8.4,I,82,,88.4,I,30,,,,,
-68.52,48.45,RIMOUSKI,7056480,2016-03,2016,3,-0.9,E,-9,,-4.8,E,10.5,E,-20,,,M,88,I,88,I,55,,,,,
-68.52,48.45,RIMOUSKI,7056480,2016-04,2016,4,6.3,E,-3,,1.7,E,20,E,-15.5,,31,,4,,35,,0,,,,,
-68.52,48.45,RIMOUSKI,7056480,2016-05,2016,5,16.3,E,5.2,E,10.6,E,26.5,E,-0.5,E,83.2,E,0,I,59,I,0,,,,,
-68.52,48.45,RIMOUSKI,7056480,2016-06,2016,6,20.6,,10.5,,15.6,,33,,6.5,S,161,,0,,161,,0,,,,,
-68.52,48.45,RIMOUSKI,7056480,2016-07,2016,7,22.9,,13.4,,18.2,,29,,7.5,,104,,0,,104,,0,,,,,
-68.52,48.45,RIMOUSKI,7056480,2016-08,2016,8,23.9,E,13.7,I,18.7,I,32.5,E,8.5,I,73.7,E,0,,73.7,E,0,,,,,
-68.52,48.45,RIMOUSKI,7056480,2016-09,2016,9,19.7,I,9.4,I,15.3,I,28,I,0.5,I,36.8,I,0,,36.8,I,0,,,,,
-68.52,48.45,RIMOUSKI,7056480,2016-10,2016,10,11.5,,4.5,,8,,20.5,,-3.5,,132.2,,0,T,132.2,,0,,,,,
-68.52,48.45,RIMOUSKI,7056480,2016-11,2016,11,5.4,,0.8,,3.1,,11.5,,-5.7,,92.2,I,7,I,99.2,I,3,,,,,
-68.52,48.45,RIMOUSKI,7056480,2016-12,2016,12,-3.7,,-10.6,,-7.2,,2.5,S,-22.5,,0,,110,,110,,59,,,,,